{"type": "FeatureCollection", "features": [{"type": "Feature", "properties": {"layer": "coastline"}, "geometry": {"type": "LineString", "coordinates": [[18.25254, -33.42493], [18.28325, -33.45451], [18.30455, -33.48157], [18.30726, -33.48129], [18.30719, -33.48797], [18.31179, -33.49391], [18.31017, -33.49634], [18.31648, -33.4973], [18.31359, -33.50071], [18.31506, -33.50428], [18.31248, -33.50688], [18.3191, -33.51108], [18.32109, -33.51575], [18.32086, -33.51422], [18.32532, -33.51663], [18.32446, -33.51977], [18.31829, -33.52263], [18.31449, -33.53222], [18.31822, -33.54014], [18.31191, -33.54092], [18.3132, -33.54589], [18.30983, -33.5477], [18.30887, -33.55469], [18.31217, -33.56227], [18.30764, -33.56516], [18.30907, -33.56466], [18.31079, -33.56873], [18.31762, -33.57124], [18.31962, -33.5745], [18.32353, -33.57545], [18.32573, -33.5741], [18.32595, -33.57022], [18.3312, -33.5719], [18.33431, -33.56906], [18.338, -33.56954], [18.34087, -33.57249], [18.343999, -33.57111], [18.349978, -33.574848], [18.360875, -33.588604], [18.35869, -33.59108], [18.36158, -33.59228], [18.36162, -33.59455], [18.35669, -33.5986], [18.36484, -33.59866], [18.370093, -33.601967], [18.373777, -33.607645], [18.37161, -33.61105], [18.37721, -33.61851], [18.38361, -33.61891], [18.385418, -33.621452], [18.39154, -33.62121], [18.39556, -33.62336], [18.420325, -33.657692], [18.42818, -33.6737], [18.42325, -33.676411], [18.427998, -33.674289], [18.430445, -33.678175], [18.421366, -33.677172], [18.431872, -33.67968], [18.430784, -33.680642], [18.43796, -33.69256], [18.44434, -33.71361], [18.44246, -33.72511], [18.43524, -33.73165], [18.4355, -33.73601], [18.44148, -33.74713], [18.44206, -33.75786], [18.44597, -33.77201], [18.458681, -33.797417], [18.457397, -33.800101], [18.464985, -33.806302], [18.475005, -33.820428], [18.48589, -33.84277], [18.488582, -33.85244], [18.489339, -33.869557], [18.487662, -33.878846], [18.479418, -33.897409], [18.467989, -33.911147], [18.454575, -33.912283], [18.445651, -33.905263], [18.438897, -33.90306], [18.440307, -33.904327], [18.438821, -33.905643], [18.445635, -33.905368], [18.444609, -33.906859], [18.455016, -33.915512], [18.451585, -33.918112], [18.449921, -33.916917], [18.451596, -33.918339], [18.449537, -33.917661], [18.450145, -33.919632], [18.437367, -33.906812], [18.436983, -33.908843], [18.435048, -33.908603], [18.44641, -33.915703], [18.444661, -33.917323], [18.440145, -33.914023], [18.445869, -33.920212], [18.442251, -33.920585], [18.442725, -33.918585], [18.438523, -33.915995], [18.442083, -33.918852], [18.440061, -33.920387], [18.425504, -33.909676], [18.430587, -33.905701], [18.433691, -33.907444], [18.43226, -33.905929], [18.434072, -33.905302], [18.427696, -33.903157], [18.428711, -33.904535], [18.423991, -33.908291], [18.424884, -33.905715], [18.421256, -33.906816], [18.421503, -33.90906], [18.419835, -33.907936], [18.420811, -33.909737], [18.417313, -33.908748], [18.421965, -33.906137], [18.420441, -33.904882], [18.4227, -33.905363], [18.421467, -33.904145], [18.422871, -33.903062], [18.424461, -33.904203], [18.423074, -33.902885], [18.424955, -33.901381], [18.426832, -33.902877], [18.426183, -33.90152], [18.428771, -33.899331], [18.43451, -33.8976], [18.419158, -33.902133], [18.412461, -33.900024], [18.415157, -33.899128], [18.403861, -33.899389], [18.398425, -33.900608], [18.397793, -33.906279], [18.389809, -33.91], [18.385428, -33.917765], [18.377424, -33.921966], [18.378305, -33.926588], [18.37487, -33.92922], [18.377562, -33.933766], [18.376676, -33.938743], [18.37158, -33.94205], [18.37228, -33.94439], [18.377578, -33.946479], [18.377568, -33.950599], [18.37444, -33.95301], [18.377171, -33.958429], [18.372313, -33.959598], [18.37312, -33.96625], [18.370552, -33.96886], [18.371061, -33.973741], [18.361626, -33.982125], [18.35956, -33.98143], [18.353288, -33.987079], [18.34857, -33.98686], [18.344167, -33.991055], [18.344392, -33.997398], [18.341511, -34.001539], [18.34294, -34.00414], [18.33899, -34.00455], [18.341074, -34.005767], [18.339844, -34.009609], [18.33462, -34.01093], [18.334709, -34.016212], [18.331104, -34.019742], [18.332388, -34.021463], [18.330477, -34.024111], [18.32229, -34.02718], [18.31076, -34.0277], [18.31745, -34.03017], [18.31387, -34.0362], [18.30722, -34.03951], [18.31063, -34.04329], [18.321518, -34.047042], [18.324876, -34.053764], [18.32928, -34.05624], [18.32885, -34.05825], [18.34028, -34.06159], [18.3482, -34.05555], [18.35037, -34.0514], [18.34808, -34.05425], [18.345124, -34.051466], [18.348769, -34.047773], [18.34942, -34.05093], [18.348838, -34.047173], [18.353555, -34.045865], [18.359532, -34.047093], [18.361872, -34.049247], [18.36421, -34.05844], [18.36877, -34.06271], [18.36395, -34.07269], [18.35523, -34.07676], [18.35529, -34.08312], [18.35318, -34.08541], [18.35522, -34.08716], [18.34972, -34.09076], [18.35287, -34.09529], [18.353318, -34.10525], [18.348879, -34.121899], [18.344263, -34.127115], [18.338519, -34.12699], [18.33274, -34.13512], [18.322583, -34.138169], [18.320884, -34.141069], [18.323487, -34.141951], [18.31833, -34.14591], [18.32275, -34.15587], [18.32726, -34.15798], [18.33796, -34.17685], [18.34342, -34.17968], [18.346744, -34.176762], [18.353439, -34.177617], [18.36284, -34.18437], [18.37044, -34.19594], [18.37198, -34.19956], [18.36952, -34.20349], [18.37042, -34.21036], [18.37761, -34.22816], [18.375947, -34.242299], [18.38041, -34.248649], [18.380785, -34.251646], [18.37832, -34.25335], [18.38276, -34.25628], [18.38033, -34.26155], [18.383531, -34.267074], [18.37922, -34.27107], [18.37946, -34.27298], [18.38881, -34.2766], [18.39233, -34.286], [18.39681, -34.28843], [18.40488, -34.30341], [18.404, -34.30675], [18.40059, -34.30844], [18.41479, -34.31665], [18.41642, -34.31807], [18.41505, -34.32111], [18.42134, -34.32335], [18.4211, -34.3261], [18.42828, -34.33124], [18.44355, -34.33741], [18.45322, -34.33667], [18.456914, -34.338647], [18.45962, -34.34177], [18.45922, -34.34436], [18.4664, -34.34785], [18.47254, -34.35455], [18.47209, -34.35826], [18.4758, -34.35834], [18.483652, -34.354455], [18.497947, -34.357138], [18.48759, -34.34779], [18.48273, -34.34761], [18.47177, -34.34037], [18.46748, -34.33242], [18.46675, -34.3265], [18.4607, -34.3192], [18.46116, -34.31702], [18.46514, -34.31557], [18.46069, -34.31052], [18.46721, -34.29798], [18.46634, -34.29277], [18.47493, -34.2786], [18.47466, -34.27542], [18.46819, -34.27133], [18.46654, -34.26724], [18.4701, -34.26056], [18.47757, -34.25469], [18.47481, -34.24519], [18.47479, -34.24173], [18.4781, -34.23963], [18.47487, -34.23572], [18.47514, -34.23304], [18.47716, -34.23267], [18.4675, -34.22524], [18.46226, -34.20984], [18.45808, -34.20597], [18.45409, -34.19786], [18.446611, -34.194108], [18.44229, -34.18762], [18.43779, -34.18475], [18.4429, -34.19057], [18.44, -34.19123], [18.43817, -34.18856], [18.4368, -34.18941], [18.43785, -34.19088], [18.43525, -34.19087], [18.436432, -34.189628], [18.43516, -34.19082], [18.43403, -34.18831], [18.43654, -34.18635], [18.43366, -34.18816], [18.43498, -34.19084], [18.433326, -34.192786], [18.42842, -34.1915], [18.42516, -34.18467], [18.426424, -34.177184], [18.43322, -34.16602], [18.431384, -34.160572], [18.43586, -34.15718], [18.439866, -34.150225], [18.43738, -34.144], [18.432592, -34.1418], [18.433669, -34.137863], [18.440082, -34.132012], [18.44754, -34.13236], [18.451374, -34.128381], [18.4495, -34.129472], [18.448694, -34.127739], [18.450834, -34.128172], [18.44953, -34.12685], [18.46485, -34.11498], [18.46843, -34.10953], [18.511443, -34.096109], [18.537787, -34.090445], [18.554748, -34.089546], [18.5575, -34.08704], [18.57216, -34.08327], [18.61189, -34.07531], [18.64686, -34.07279], [18.68614, -34.07478], [18.69466, -34.07211], [18.71418, -34.07293], [18.740482, -34.075755], [18.772022, -34.082837], [18.811535, -34.10022], [18.820623, -34.109733], [18.822838, -34.115505], [18.829225, -34.119936], [18.831092, -34.124044], [18.85497, -34.1484], [18.855223, -34.151963], [18.856846, -34.150856], [18.85576, -34.147693], [18.85668, -34.14988], [18.859399, -34.150348], [18.856248, -34.151957], [18.86595, -34.15531], [18.868077, -34.15887], [18.863447, -34.163178], [18.858436, -34.16335], [18.86027, -34.16403], [18.85918, -34.16511], [18.85787, -34.16296], [18.858821, -34.165932], [18.83828, -34.17212], [18.83085, -34.17616], [18.82144, -34.18315], [18.81835, -34.19], [18.81862, -34.19424], [18.821068, -34.193467], [18.81996, -34.19555], [18.82994, -34.20484], [18.83374, -34.2117], [18.83026, -34.21714], [18.83454, -34.21921], [18.83315, -34.22092], [18.83903, -34.22429], [18.85277, -34.2381], [18.85248, -34.24448], [18.85481, -34.24621], [18.85395, -34.24895], [18.85593, -34.25235], [18.85103, -34.26595], [18.843737, -34.271201], [18.830027, -34.276409], [18.824392, -34.285044], [18.824874, -34.28761], [18.820733, -34.291108], [18.821695, -34.297153], [18.812665, -34.298248], [18.812923, -34.302879], [18.815596, -34.306299], [18.811531, -34.309284], [18.814087, -34.311347], [18.819441, -34.311079], [18.81837, -34.3142], [18.8159, -34.31479], [18.81716, -34.31664], [18.81556, -34.31794], [18.81844, -34.32029], [18.81844, -34.32396], [18.82148, -34.32529], [18.82083, -34.332], [18.82477, -34.33688], [18.828569, -34.337944], [18.829231, -34.341119], [18.825687, -34.346103], [18.82209, -34.34546], [18.81691, -34.34776], [18.81184, -34.34666], [18.80954, -34.34867], [18.8178, -34.35734], [18.81598, -34.35841], [18.81513, -34.36428], [18.81891, -34.36625], [18.81703, -34.36844], [18.81973, -34.37058], [18.81898, -34.37311], [18.82508, -34.37334], [18.82714, -34.37576], [18.82647, -34.38057], [18.82176, -34.38112], [18.82286, -34.38354], [18.82663, -34.38375], [18.82603, -34.38805], [18.83606, -34.3881], [18.83707, -34.38644], [18.83171, -34.38193], [18.83205, -34.38041], [18.83537, -34.37835], [18.84015, -34.37971], [18.84326, -34.378], [18.84845, -34.38095], [18.84984, -34.38386], [18.85511, -34.38362], [18.854605, -34.387897], [18.853102, -34.388132], [18.855201, -34.38903], [18.85504, -34.39124], [18.856441, -34.388207], [18.86191, -34.38895], [18.855754, -34.380166], [18.85745, -34.3761], [18.86144, -34.37512], [18.86253, -34.372071], [18.870247, -34.369321], [18.876773, -34.369427], [18.88173, -34.37342], [18.88524, -34.37467], [18.88483, -34.3727], [18.88759, -34.37247], [18.8929, -34.37604], [18.89723, -34.37435], [18.89414, -34.3719], [18.89653, -34.36785], [18.90103, -34.36878], [18.90125, -34.36551], [18.90581, -34.36327], [18.90561, -34.36029], [18.91129, -34.35768], [18.93184, -34.35868], [18.93398, -34.35754], [18.93325, -34.35548], [18.96545, -34.36297], [18.97067, -34.35938], [18.97673, -34.35912], [18.98053, -34.35313], [18.99522, -34.34464], [19.000876, -34.343702], [19.00456, -34.34632], [19.013365, -34.34573], [19.01254, -34.34709], [19.01528, -34.34747], [19.0305, -34.34455], [19.03487, -34.34646], [19.037121, -34.342273], [19.040536, -34.341266], [19.065195, -34.350085]]}}, {"type": "Feature", "properties": {"layer": "coastline"}, "geometry": {"type": "LineString", "coordinates": [[18.362157, -33.793045], [18.357993, -33.796652], [18.356615, -33.801934], [18.360297, -33.80903], [18.360591, -33.815046], [18.370589, -33.82093], [18.38165, -33.817668], [18.383041, -33.813906], [18.381318, -33.811711], [18.382023, -33.808921], [18.376095, -33.802316], [18.378593, -33.798332], [18.375695, -33.798901], [18.37514, -33.796534], [18.379562, -33.798274], [18.377008, -33.795968], [18.373854, -33.796377], [18.373237, -33.791664], [18.369165, -33.789649], [18.363137, -33.79016], [18.362157, -33.793045]]}}, {"type": "Feature", "properties": {"layer": "municipal_boundary", "name": "City of Cape Town"}, "geometry": {"type": "Polygon", "coordinates": [[[18.708341, -33.92266], [18.70833, -33.922691], [18.70845, -33.922617], [18.71081, -33.921169], [18.71303, -33.92181], [18.71987, -33.92374], [18.721371, -33.924419], [18.724191, -33.925598], [18.72465, -33.925786], [18.724779, -33.925819], [18.72737, -33.924709], [18.733271, -33.92965], [18.73958, -33.932751], [18.741139, -33.932558], [18.743959, -33.932209], [18.743927, -33.932368], [18.74354, -33.934269], [18.74234, -33.936501], [18.741244, -33.936248], [18.739811, -33.935959], [18.740179, -33.937351], [18.73984, -33.9384], [18.736919, -33.940552], [18.73751, -33.942089], [18.73785, -33.94221], [18.73686, -33.94509], [18.73685, -33.94513], [18.73581, -33.94815], [18.734145, -33.95301], [18.730907, -33.962486], [18.73081, -33.96277], [18.730861, -33.962763], [18.733293, -33.962734], [18.733226, -33.962785], [18.733153, -33.962826], [18.733057, -33.962875], [18.732868, -33.962986], [18.732755, -33.963056], [18.732686, -33.963091], [18.73255, -33.963167], [18.732415, -33.963256], [18.732256, -33.96333], [18.732136, -33.963393], [18.732061, -33.963258], [18.731055, -33.963253], [18.731225, -33.963542], [18.7318, -33.964517], [18.732754, -33.964513], [18.732788, -33.964586], [18.73276, -33.96458], [18.73291, -33.96486], [18.7335, -33.96592], [18.72918, -33.967476], [18.729171, -33.967475], [18.728267, -33.969303], [18.729879, -33.969029], [18.73009, -33.968993], [18.733331, -33.973798], [18.735103, -33.976287], [18.735138, -33.976336], [18.735195, -33.976416], [18.735779, -33.977237], [18.737043, -33.979055], [18.737103, -33.979097], [18.73712, -33.97912], [18.738537, -33.98111], [18.740685, -33.984127], [18.74066, -33.98414], [18.74122, -33.98452], [18.74542, -33.98736], [18.737837, -33.989273], [18.73773, -33.9893], [18.74154, -33.99333], [18.74451, -33.99647], [18.74637, -33.99844], [18.74837, -34.00099], [18.75035, -34.00351], [18.75158, -34.00507], [18.751734, -34.005272], [18.75177, -34.00532], [18.75089, -34.0057], [18.75035, -34.0058], [18.75007, -34.00586], [18.74946, -34.00605], [18.74885, -34.00618], [18.74876, -34.0062], [18.74803, -34.0063], [18.74764, -34.00633], [18.7473, -34.00635], [18.74664, -34.00638], [18.74587, -34.00639], [18.74588, -34.006421], [18.74634, -34.0079], [18.7466, -34.00785], [18.74727, -34.01], [18.74739, -34.0104], [18.74715, -34.01053], [18.747085, -34.010567], [18.74195, -34.0135], [18.74193, -34.01356], [18.74239, -34.0145], [18.74445, -34.01862], [18.744627, -34.018965], [18.74465, -34.01901], [18.74479, -34.01929], [18.74429, -34.01969], [18.7437, -34.02014], [18.74219, -34.0212], [18.74206, -34.02129], [18.742217, -34.021548], [18.74276, -34.02244], [18.74351, -34.02352], [18.744091, -34.024339], [18.74412, -34.02438], [18.74443, -34.02482], [18.74464, -34.02487], [18.74545, -34.02526], [18.74622, -34.02552], [18.74628, -34.02565], [18.74758, -34.02609], [18.74843, -34.02637], [18.74948, -34.027], [18.7496, -34.02704], [18.74952, -34.02722], [18.74973, -34.02732], [18.74982, -34.02736], [18.74977, -34.02745], [18.75028, -34.02765], [18.75043, -34.02771], [18.75062, -34.02783], [18.75079, -34.02797], [18.75085, -34.02804], [18.75102, -34.02821], [18.75179, -34.02961], [18.75207, -34.02968], [18.75234, -34.03018], [18.75242, -34.03033], [18.75287, -34.03117], [18.7532, -34.03177], [18.75326, -34.03188], [18.75363, -34.03255], [18.75375, -34.03278], [18.7539, -34.03293], [18.75436, -34.03377], [18.75439, -34.03394], [18.7547, -34.0345], [18.75478, -34.03465], [18.75568, -34.03433], [18.75724, -34.03377], [18.75901, -34.03334], [18.7602, -34.03508], [18.76121, -34.03613], [18.76156, -34.03649], [18.76213, -34.03708], [18.76368, -34.03868], [18.76379, -34.03872], [18.76767, -34.04043], [18.76756, -34.04051], [18.76743, -34.04061], [18.76727, -34.04074], [18.767239, -34.040759], [18.76723, -34.04092], [18.76723, -34.04108], [18.76722, -34.04124], [18.76722, -34.0414], [18.76721, -34.04159], [18.76721, -34.04187], [18.7672, -34.04195], [18.76717, -34.04198], [18.7669, -34.04219], [18.76664, -34.04239], [18.76648, -34.04251], [18.76664, -34.04271], [18.76697, -34.04315], [18.76701, -34.0432], [18.76689, -34.04327], [18.76661, -34.04347], [18.76625, -34.04371], [18.77173, -34.04611], [18.77189, -34.04618], [18.773, -34.04666], [18.77374, -34.04695], [18.77433, -34.04715], [18.78, -34.04903], [18.78088, -34.04932], [18.78138, -34.04948], [18.78145, -34.0495], [18.782, -34.04969], [18.78217, -34.04935], [18.78267, -34.04951], [18.78251, -34.04986], [18.78271, -34.04992], [18.78279, -34.04995], [18.78324, -34.0501], [18.784006, -34.050391], [18.784652, -34.050637], [18.7857, -34.05113], [18.78686, -34.051797], [18.78697, -34.05186], [18.787184, -34.052006], [18.78832, -34.05278], [18.789733, -34.053682], [18.789783, -34.053599], [18.79016, -34.05295], [18.79021, -34.05288], [18.79116, -34.05294], [18.79181, -34.05298], [18.79227, -34.05338], [18.79255, -34.05336], [18.79267, -34.053235], [18.79283, -34.05306], [18.793145, -34.053075], [18.79343, -34.0531], [18.79353, -34.05316], [18.79427, -34.0536], [18.79435, -34.05362], [18.79443, -34.05365], [18.7946, -34.05369], [18.79492, -34.05375], [18.79624, -34.0536], [18.7976, -34.05344], [18.79758, -34.05339], [18.79859, -34.05346], [18.804089, -34.05387], [18.80436, -34.05389], [18.80521, -34.05395], [18.80604, -34.05401], [18.80616, -34.05434], [18.80644, -34.05518], [18.80671, -34.05597], [18.80728, -34.05765], [18.80797, -34.05969], [18.80884, -34.06226], [18.80899, -34.0627], [18.80922, -34.06339], [18.80961, -34.06296], [18.81107, -34.06136], [18.81258, -34.0597], [18.81351, -34.05868], [18.81381, -34.05835], [18.81296, -34.05629], [18.81302, -34.05631], [18.813534, -34.056484], [18.81447, -34.0568], [18.81453, -34.05664], [18.81463, -34.05638], [18.81468, -34.05626], [18.81473, -34.05613], [18.81477, -34.056], [18.81482, -34.05587], [18.81488, -34.0557], [18.81495, -34.05553], [18.81507, -34.0552], [18.81517, -34.05495], [18.81519, -34.05489], [18.81524, -34.05476], [18.81532, -34.05455], [18.81546, -34.05417], [18.81548, -34.05411], [18.81519, -34.05404], [18.814704, -34.05391], [18.81408, -34.05375], [18.81415, -34.05357], [18.81431, -34.05319], [18.81436, -34.05308], [18.81441, -34.05294], [18.81455, -34.05262], [18.81463, -34.05241], [18.81475, -34.05212], [18.814794, -34.052034], [18.81479, -34.052034], [18.814232, -34.052042], [18.805049, -34.052173], [18.804963, -34.051271], [18.80519, -34.05121], [18.807259, -34.049664], [18.80982, -34.04775], [18.809761, -34.04772], [18.81134, -34.04667], [18.81211, -34.04618], [18.813215, -34.04541], [18.813486, -34.04517], [18.81512, -34.04343], [18.81522, -34.04334], [18.816101, -34.042579], [18.817034, -34.041744], [18.819026, -34.039774], [18.82014, -34.04028], [18.82064, -34.04052], [18.82096, -34.04067], [18.82306, -34.04168], [18.82384, -34.04206], [18.82432, -34.04198], [18.82452, -34.04265], [18.82455, -34.04276], [18.82482, -34.042745], [18.82496, -34.04272], [18.82605, -34.04262], [18.82814, -34.04243], [18.82813, -34.04232], [18.82848, -34.04229], [18.82875, -34.04227], [18.829, -34.04225], [18.82924, -34.04222], [18.82972, -34.04218], [18.83077, -34.04209], [18.8312, -34.04225], [18.83159, -34.0424], [18.83195, -34.04253], [18.8323, -34.04267], [18.83266, -34.0428], [18.83302, -34.04294], [18.83334, -34.04337], [18.8336, -34.04371], [18.83405, -34.04431], [18.8346, -34.04505], [18.83491, -34.04545], [18.835, -34.04557], [18.8358, -34.04664], [18.83914, -34.0469], [18.839197, -34.046904], [18.84184, -34.04711], [18.84387, -34.04622], [18.8477, -34.04454], [18.85206, -34.04263], [18.85411, -34.04172], [18.85854, -34.03976], [18.858772, -34.039659], [18.8589, -34.0396], [18.859016, -34.039549], [18.859113, -34.039506], [18.861831, -34.03829], [18.86191, -34.03827], [18.86132, -34.03807], [18.86122, -34.03795], [18.86108, -34.03785], [18.86104, -34.03781], [18.86095, -34.03773], [18.8606, -34.03736], [18.86047, -34.03721], [18.86041, -34.03645], [18.86088, -34.03659], [18.86088, -34.03651], [18.86083, -34.03646], [18.86078, -34.0364], [18.86077, -34.03636], [18.86065, -34.0361], [18.86062, -34.03602], [18.86064, -34.03593], [18.86078, -34.03579], [18.86102, -34.03571], [18.86106, -34.03572], [18.86111, -34.03573], [18.86125, -34.03577], [18.86131, -34.03581], [18.86136, -34.03582], [18.8614, -34.03585], [18.86146, -34.03585], [18.86152, -34.03588], [18.86157, -34.03589], [18.86162, -34.03589], [18.86164, -34.03585], [18.86164, -34.03582], [18.86162, -34.03577], [18.86158, -34.035685], [18.8615, -34.0356], [18.86146, -34.03556], [18.86146, -34.03551], [18.86147, -34.03548], [18.86171, -34.0353], [18.86179, -34.03527], [18.86185, -34.03526], [18.86188, -34.03527], [18.86198, -34.03528], [18.86202, -34.03528], [18.86205, -34.03526], [18.86215, -34.03526], [18.86221, -34.03527], [18.86224, -34.03526], [18.86227, -34.03526], [18.86253, -34.03521], [18.86196, -34.03366], [18.85923, -34.03365], [18.85855, -34.03318], [18.85786, -34.03271], [18.85526, -34.03093], [18.85855, -34.03127], [18.8616, -34.03158], [18.86632, -34.03205], [18.86919, -34.03052], [18.86938, -34.03075], [18.87107, -34.03273], [18.87219, -34.03404], [18.87833, -34.03395], [18.87827, -34.03359], [18.87829, -34.03336], [18.87824, -34.03292], [18.87824, -34.03273], [18.87828, -34.03257], [18.87834, -34.03246], [18.87851, -34.03223], [18.87856, -34.03222], [18.87878, -34.03214], [18.87902, -34.03213], [18.87919, -34.03212], [18.87969, -34.03224], [18.87977, -34.03224], [18.88001, -34.03226], [18.88018, -34.03229], [18.88021, -34.03229], [18.88057, -34.03238], [18.88075, -34.03243], [18.88101, -34.03251], [18.88133, -34.03267], [18.88146, -34.032745], [18.88178, -34.03294], [18.88192, -34.03303], [18.88215, -34.03319], [18.88233, -34.03328], [18.88266, -34.03347], [18.88282, -34.03355], [18.88301, -34.03366], [18.88326, -34.03378], [18.88346, -34.03384], [18.88361, -34.03386], [18.88364, -34.03386], [18.8839, -34.03392], [18.88404, -34.03401], [18.88427, -34.0341], [18.88461, -34.03416], [18.88479, -34.03419], [18.88502, -34.03411], [18.8852, -34.03407], [18.88557, -34.03387], [18.88567, -34.03381], [18.8857, -34.03371], [18.88574, -34.03359], [18.88575, -34.03329], [18.88574, -34.0331], [18.88578, -34.0329], [18.885735, -34.03273], [18.88563, -34.03239], [18.88552, -34.03199], [18.88544, -34.03173], [18.88539, -34.03154], [18.88533, -34.03104], [18.88519, -34.03083], [18.88514, -34.03071], [18.88515, -34.03061], [18.885175, -34.03032], [18.88529, -34.03031], [18.88543, -34.03032], [18.88572, -34.03036], [18.88601, -34.03039], [18.88616, -34.03037], [18.8863, -34.03028], [18.88641, -34.03029], [18.88693, -34.03029], [18.88707, -34.03028], [18.88732, -34.03028], [18.88749, -34.03032], [18.88769, -34.03036], [18.88786, -34.03039], [18.88795, -34.03042], [18.88811, -34.03042], [18.88813, -34.03039], [18.88818, -34.03033], [18.88819, -34.03025], [18.88825, -34.03011], [18.888385, -34.03], [18.8884, -34.0298], [18.88848, -34.029672], [18.88869, -34.02951], [18.88882, -34.02934], [18.889, -34.02918], [18.88914, -34.02907], [18.8895, -34.02874], [18.88965, -34.02857], [18.88972, -34.02846], [18.88981, -34.02829], [18.88982, -34.02824], [18.88988, -34.02805], [18.88992, -34.02798], [18.88997, -34.02784], [18.889989, -34.027719], [18.890021, -34.027678], [18.890091, -34.027665], [18.89031, -34.02758], [18.89044, -34.02749], [18.89061, -34.02732], [18.89073, -34.02723], [18.89093, -34.02707], [18.89105, -34.026995], [18.89142, -34.02674], [18.89153, -34.02666], [18.89171, -34.02653], [18.89179, -34.02642], [18.8921, -34.02613], [18.89215, -34.02602], [18.89257, -34.02553], [18.89716, -34.02642], [18.89899, -34.02566], [18.89921, -34.02515], [18.89955, -34.02435], [18.90103, -34.02374], [18.90188, -34.02339], [18.90597, -34.02171], [18.90651, -34.02175], [18.9067, -34.02178], [18.90698, -34.02179], [18.90733, -34.02175], [18.90777, -34.02165], [18.90805, -34.02156], [18.90822, -34.02149], [18.90845, -34.02139], [18.90877, -34.02126], [18.90903, -34.02119], [18.90938, -34.02098], [18.90967, -34.02085], [18.9098, -34.02077], [18.90995, -34.0206], [18.91003, -34.02047], [18.91012, -34.02016], [18.91017, -34.01999], [18.91025, -34.0196], [18.91028, -34.01952], [18.910455, -34.01925], [18.91048, -34.01921], [18.91061, -34.01905], [18.91093, -34.01874], [18.91112, -34.01868], [18.91148, -34.01846], [18.91271, -34.01801], [18.91299, -34.01791], [18.915, -34.01729], [18.91734, -34.01624], [18.9177, -34.01607], [18.91789, -34.01595], [18.9184, -34.01584], [18.91957, -34.0154], [18.9201, -34.01512], [18.9202, -34.0151], [18.92027, -34.01504], [18.92043, -34.01495], [18.92064, -34.0148], [18.92075, -34.01474], [18.9209, -34.01465], [18.92128, -34.01445], [18.92162, -34.01429], [18.92185, -34.01418], [18.92213, -34.01413], [18.92235, -34.01411], [18.9226, -34.01398], [18.92273, -34.01386], [18.92284, -34.01365], [18.92293, -34.01349], [18.923, -34.01333], [18.92302, -34.01327], [18.92297, -34.01304], [18.92289, -34.01288], [18.92274, -34.0128], [18.92267, -34.01278], [18.92232, -34.01279], [18.9221, -34.01274], [18.92181, -34.01272], [18.92162, -34.01272], [18.92142, -34.0127], [18.9212, -34.01269], [18.92082, -34.01266], [18.92053, -34.01265], [18.92035, -34.01258], [18.91986, -34.01258], [18.91963, -34.0126], [18.91939, -34.01254], [18.91924, -34.01254], [18.91892, -34.01248], [18.91865, -34.01237], [18.91837, -34.01222], [18.91816, -34.01203], [18.918, -34.01194], [18.91784, -34.01176], [18.91771, -34.0116], [18.91764, -34.01141], [18.9176, -34.01128], [18.91768, -34.01093], [18.91764, -34.01048], [18.91766, -34.01027], [18.91767, -34.01023], [18.91772, -34.01004], [18.91777, -34.00979], [18.91775, -34.00967], [18.91778, -34.00918], [18.91788, -34.00883], [18.91807, -34.00832], [18.91825, -34.00797], [18.91835, -34.0078], [18.91844, -34.0076], [18.91861, -34.00727], [18.91874, -34.00692], [18.91893, -34.00659], [18.91914, -34.00623], [18.91927, -34.00601], [18.91946, -34.00572], [18.91952, -34.00563], [18.91968, -34.0054], [18.91993, -34.00513], [18.92007, -34.00497], [18.92023, -34.00482], [18.92042, -34.0046], [18.92067, -34.00429], [18.9208, -34.00419], [18.92113, -34.00388], [18.92136, -34.00362], [18.92165, -34.00328], [18.92198, -34.00298], [18.92217, -34.0028], [18.92252, -34.00254], [18.92276, -34.00239], [18.92313, -34.00215], [18.92345, -34.00197], [18.92355, -34.00192], [18.924, -34.00173], [18.92416, -34.00165], [18.92461, -34.00146], [18.92482, -34.00138], [18.92497, -34.00133], [18.92524, -34.00122], [18.92554, -34.0011], [18.9258, -34.00099], [18.92608, -34.00086], [18.92636, -34.00075], [18.92664, -34.00057], [18.92679, -34.00043], [18.92692, -34.00031], [18.92709, -34.00017], [18.92738, -33.99997], [18.9274, -33.99994], [18.9276, -34.00005], [18.92782, -34.00017], [18.92802, -34.00034], [18.92822, -34.00052], [18.92834, -34.00059], [18.928671, -34.000785], [18.9289, -34.00092], [18.92934, -34.00116], [18.92946, -34.00122], [18.92972, -34.00136], [18.92996, -34.00148], [18.93019, -34.00158], [18.93035, -34.00175], [18.93055, -34.00204], [18.93093, -34.00219], [18.93111, -34.00225], [18.93139, -34.00232], [18.93157, -34.00257], [18.93192, -34.00248], [18.93205, -34.0025], [18.9322, -34.00248], [18.93258, -34.00249], [18.9328, -34.00252], [18.93305, -34.00258], [18.93379, -34.00279], [18.93434, -34.00282], [18.93437, -34.00282], [18.93454, -34.0028], [18.93533, -34.00295], [18.93581, -34.00301], [18.93599, -34.00301], [18.93622, -34.00295], [18.93632, -34.00293], [18.93675, -34.00309], [18.93728, -34.00319], [18.93745, -34.00332], [18.93759, -34.0033], [18.93779, -34.00334], [18.93802, -34.00341], [18.93834, -34.00337], [18.93866, -34.00331], [18.93985, -34.00327], [18.94096, -34.0034], [18.9416, -34.0035], [18.9423, -34.0035], [18.94335, -34.00361], [18.94371, -34.00372], [18.9438, -34.00392], [18.94383, -34.00432], [18.94402, -34.00464], [18.94438, -34.00508], [18.9451, -34.00551], [18.9452, -34.00553], [18.94578, -34.00569], [18.94601, -34.00574], [18.94629, -34.00579], [18.94733, -34.00614], [18.94797, -34.00656], [18.94872, -34.00679], [18.94946, -34.00705], [18.95129, -34.00794], [18.95201, -34.00826], [18.95314, -34.00885], [18.9539, -34.00926], [18.95432, -34.00962], [18.95482, -34.00995], [18.9553, -34.01011], [18.95545, -34.01025], [18.95602, -34.01078], [18.95613, -34.01088], [18.9569, -34.01165], [18.95731, -34.01189], [18.95746, -34.01208], [18.95825, -34.013], [18.95943, -34.01393], [18.96033, -34.01476], [18.96059, -34.015], [18.96155, -34.01575], [18.96171, -34.01587], [18.96183, -34.01597], [18.9621, -34.01621], [18.96233, -34.01632], [18.96257, -34.01644], [18.963, -34.01663], [18.96356, -34.01708], [18.96493, -34.01804], [18.96502, -34.01814], [18.96525, -34.01834], [18.9656, -34.01856], [18.96665, -34.01906], [18.96684, -34.01912], [18.96727, -34.01927], [18.96746, -34.01933], [18.96759, -34.01943], [18.96811, -34.01959], [18.96949, -34.0199], [18.969808, -34.020997], [18.96994, -34.02145], [18.970783, -34.022281], [18.984643, -34.03594], [18.987284, -34.035316], [19.005338, -34.074275], [19.00467, -34.07481], [19.004501, -34.074933], [19.004824, -34.075567], [18.994952, -34.082533], [18.966838, -34.102373], [18.966837, -34.102374], [18.966837, -34.102374], [18.954673, -34.119972], [18.943904, -34.138234], [18.943904, -34.138234], [18.9439, -34.13824], [18.94544, -34.13836], [18.961675, -34.13961], [18.96236, -34.1397], [18.962395, -34.139695], [18.965205, -34.14], [18.966055, -34.140715], [18.96389, -34.152456], [18.96386, -34.15262], [18.963831, -34.152853], [18.96382, -34.15294], [18.96652, -34.15327], [18.98027, -34.15499], [18.978153, -34.157694], [18.97689, -34.159308], [18.970826, -34.167056], [18.970444, -34.167545], [18.96248, -34.17772], [18.95717, -34.17507], [18.95426, -34.17363], [18.95431, -34.17703], [18.95437, -34.18063], [18.95439, -34.18153], [18.95443, -34.18381], [18.94891, -34.18604], [18.94508, -34.18759], [18.94185, -34.18889], [18.94027, -34.19054], [18.93594, -34.19505], [18.9344, -34.19665], [18.934378, -34.196645], [18.934378, -34.196644], [18.931005, -34.195861], [18.930974, -34.19594], [18.93053, -34.197078], [18.930157, -34.197312], [18.929615, -34.197652], [18.929567, -34.198395], [18.929503, -34.199403], [18.929495, -34.199524], [18.929408, -34.199957], [18.929212, -34.200936], [18.92907, -34.201645], [18.930157, -34.201616], [18.930709, -34.203528], [18.9305, -34.20365], [18.92982, -34.20406], [18.92842, -34.2049], [18.92822, -34.20673], [18.92527, -34.20857], [18.92337, -34.20975], [18.92303, -34.20996], [18.92025, -34.21219], [18.9139, -34.21087], [18.91252, -34.21193], [18.91103, -34.21306], [18.91078, -34.21326], [18.90837, -34.21704], [18.90166, -34.21691], [18.89944, -34.21686], [18.89929, -34.21756], [18.89857, -34.22078], [18.8991, -34.22207], [18.89969, -34.2235], [18.90041, -34.22574], [18.90043, -34.22658], [18.90045, -34.22747], [18.89646, -34.23108], [18.89293, -34.23428], [18.89183, -34.23405], [18.89079, -34.23359], [18.88818, -34.23245], [18.88236, -34.23107], [18.87994, -34.23049], [18.87534, -34.2294], [18.87577, -34.23106], [18.8793, -34.24459], [18.87991, -34.24696], [18.88023, -34.24818], [18.87991, -34.24842], [18.87899, -34.2491], [18.87284, -34.2536], [18.86904, -34.25638], [18.86768, -34.25738], [18.86744, -34.2581], [18.86594, -34.26261], [18.86543, -34.26411], [18.85817, -34.26707], [18.85809, -34.2671], [18.85018, -34.27033], [18.84731, -34.26985], [18.84589, -34.26962], [18.845666, -34.269559], [18.845908, -34.269352], [18.84632, -34.26903], [18.84672, -34.26873], [18.84705, -34.26838], [18.84726, -34.26824], [18.84752, -34.26819], [18.84802, -34.26801], [18.84843, -34.26773], [18.84886, -34.26746], [18.84925, -34.26717], [18.84982, -34.26671], [18.85027, -34.26648], [18.85103, -34.26595], [18.85121, -34.26544], [18.85139, -34.26505], [18.85168, -34.26468], [18.85193, -34.26429], [18.85205, -34.26425], [18.85226, -34.26397], [18.85256, -34.26361], [18.85271, -34.26271], [18.85254, -34.26229], [18.85242, -34.26214], [18.85229, -34.261894], [18.852223, -34.261692], [18.852239, -34.261502], [18.852386, -34.261269], [18.852413, -34.261083], [18.85237, -34.260786], [18.852483, -34.260553], [18.852649, -34.260285], [18.852751, -34.260076], [18.852979, -34.259999], [18.853279, -34.259639], [18.85348, -34.259285], [18.853585, -34.259061], [18.853599, -34.258846], [18.853649, -34.258622], [18.8538, -34.258316], [18.853904, -34.25817], [18.853993, -34.257979], [18.85429, -34.25772], [18.85443, -34.25759], [18.85446, -34.25733], [18.854395, -34.256966], [18.854373, -34.25681], [18.85445, -34.2563], [18.85485, -34.25577], [18.85499, -34.25534], [18.85526, -34.25495], [18.85541, -34.25452], [18.85552, -34.25409], [18.85557, -34.25365], [18.85576, -34.25323], [18.85589, -34.2528], [18.85593, -34.25235], [18.85577, -34.25225], [18.8557, -34.25198], [18.85573, -34.25153], [18.85559, -34.25124], [18.85527, -34.25062], [18.85506, -34.25021], [18.85478, -34.24985], [18.85438, -34.24952], [18.85429, -34.24929], [18.85395, -34.24895], [18.854012, -34.248571], [18.85402, -34.24852], [18.85396, -34.2483], [18.85414, -34.24814], [18.85433, -34.24797], [18.85457, -34.24797], [18.854644, -34.247949], [18.85471, -34.24793], [18.85462, -34.24739], [18.854637, -34.247369], [18.85478, -34.24719], [18.85495, -34.24698], [18.85492, -34.24664], [18.85481, -34.24621], [18.85453, -34.24583], [18.85405, -34.24565], [18.85395, -34.24548], [18.85369, -34.24536], [18.85345, -34.24524], [18.85319, -34.24526], [18.85277, -34.2452], [18.8527, -34.24513], [18.85275, -34.24506], [18.85285, -34.24499], [18.85283, -34.24478], [18.85286, -34.24469], [18.85269, -34.24453], [18.85248, -34.24448], [18.85251, -34.24424], [18.85269, -34.24382], [18.852763, -34.243749], [18.85302, -34.2435], [18.85317, -34.2433], [18.85313, -34.24309], [18.85332, -34.24268], [18.85343, -34.24224], [18.85362, -34.24182], [18.853484, -34.241334], [18.85341, -34.24107], [18.85346, -34.2409], [18.85354, -34.24034], [18.85337, -34.23992], [18.85323, -34.23949], [18.85317, -34.23919], [18.85304, -34.23912], [18.85296, -34.23901], [18.85309, -34.23886], [18.85306, -34.23874], [18.85286, -34.23833], [18.85277, -34.2381], [18.85261, -34.23795], [18.85234, -34.23756], [18.85205, -34.23719], [18.85178, -34.23681], [18.85096, -34.23587], [18.85009, -34.23505], [18.84992, -34.23477], [18.84862, -34.23323], [18.84821, -34.23294], [18.84788, -34.23259], [18.84752, -34.23225], [18.84718, -34.23185], [18.84682, -34.23159], [18.84649, -34.23125], [18.84611, -34.23094], [18.84571, -34.23064], [18.84527, -34.23038], [18.84515, -34.23033], [18.84488, -34.22991], [18.84415, -34.22921], [18.84381, -34.22888], [18.84337, -34.22865], [18.84302, -34.22834], [18.842953, -34.22826], [18.842827, -34.228187], [18.842735, -34.228156], [18.841589, -34.227568], [18.841095, -34.227125], [18.840899, -34.226787], [18.840786, -34.22657], [18.840524, -34.226265], [18.840129, -34.226014], [18.839834, -34.225826], [18.839682, -34.225585], [18.839542, -34.225492], [18.83905, -34.225], [18.83881, -34.22491], [18.8389, -34.22473], [18.839, -34.22469], [18.83894, -34.22454], [18.83907, -34.2244], [18.83903, -34.22429], [18.8389, -34.22425], [18.83867, -34.22443], [18.8385, -34.22438], [18.83844, -34.2242], [18.83833, -34.2242], [18.83824, -34.22434], [18.83833, -34.22448], [18.83823, -34.22454], [18.83802, -34.22415], [18.83816, -34.22373], [18.8381, -34.22365], [18.83799, -34.22366], [18.83795, -34.22387], [18.83784, -34.22396], [18.83763, -34.22407], [18.83748, -34.22389], [18.83715, -34.22395], [18.83708, -34.22378], [18.83666, -34.22353], [18.83629, -34.22321], [18.83597, -34.22295], [18.83593, -34.22268], [18.83589, -34.22234], [18.83579, -34.22233], [18.83568, -34.22244], [18.83549, -34.22248], [18.83527, -34.2224], [18.83514, -34.22226], [18.83493, -34.22215], [18.83489, -34.22204], [18.8348, -34.22208], [18.83464, -34.22203], [18.83466, -34.2218], [18.83455, -34.22166], [18.83443, -34.22154], [18.83411, -34.22146], [18.83413, -34.22123], [18.83401, -34.22105], [18.83407, -34.22073], [18.83396, -34.22068], [18.83382, -34.22081], [18.83374, -34.22107], [18.83365, -34.22113], [18.83357, -34.22109], [18.8336, -34.22083], [18.83352, -34.22066], [18.83338, -34.22069], [18.83334, -34.2208], [18.83324, -34.22092], [18.83315, -34.22092], [18.83313, -34.22066], [18.83312, -34.22051], [18.83329, -34.22045], [18.8334, -34.22051], [18.83355, -34.22053], [18.83369, -34.22046], [18.83352, -34.22023], [18.83377, -34.22023], [18.83396, -34.22009], [18.83398, -34.22], [18.83386, -34.21995], [18.83384, -34.21982], [18.8339, -34.21977], [18.83397, -34.21981], [18.83436, -34.21944], [18.83454, -34.21921], [18.83441, -34.21911], [18.83376, -34.2195], [18.83355, -34.2195], [18.83346, -34.21937], [18.83354, -34.2192], [18.83344, -34.21916], [18.83301, -34.2193], [18.83263, -34.21913], [18.83231, -34.21881], [18.83218, -34.2187], [18.83174, -34.21858], [18.8315, -34.21833], [18.83155, -34.21822], [18.83183, -34.21822], [18.83165, -34.21816], [18.83118, -34.21793], [18.83107, -34.21774], [18.83084, -34.21763], [18.83082, -34.21739], [18.83068, -34.21723], [18.83026, -34.21714], [18.8303, -34.21704], [18.83051, -34.21695], [18.83026, -34.21673], [18.83033, -34.2167], [18.8305, -34.21682], [18.83049, -34.21667], [18.83037, -34.21643], [18.83071, -34.21628], [18.83074, -34.21603], [18.83092, -34.21596], [18.83098, -34.21587], [18.83111, -34.216], [18.83133, -34.21595], [18.83143, -34.21579], [18.8316, -34.21577], [18.83157, -34.21567], [18.83143, -34.21564], [18.83143, -34.21558], [18.83169, -34.2156], [18.8317, -34.21543], [18.83196, -34.21546], [18.8323, -34.21541], [18.8323, -34.21529], [18.83215, -34.21519], [18.83243, -34.21511], [18.83264, -34.21495], [18.83257, -34.21484], [18.83261, -34.21478], [18.8329, -34.21462], [18.83254, -34.21453], [18.83246, -34.21414], [18.83225, -34.21395], [18.83239, -34.21384], [18.83258, -34.21368], [18.83259, -34.21366], [18.8326, -34.21364], [18.8326, -34.21361], [18.83259, -34.21359], [18.83258, -34.21357], [18.83257, -34.21355], [18.83255, -34.21354], [18.83253, -34.21353], [18.83251, -34.21352], [18.83248, -34.21352], [18.83236, -34.21346], [18.83235, -34.21344], [18.83234, -34.21342], [18.83233, -34.2134], [18.83233, -34.21338], [18.83232, -34.21336], [18.83232, -34.21333], [18.83231, -34.21331], [18.83231, -34.21328], [18.83231, -34.21325], [18.83231, -34.21322], [18.83231, -34.21319], [18.83232, -34.21317], [18.83233, -34.21315], [18.83235, -34.21314], [18.83237, -34.21313], [18.83238, -34.21311], [18.8324, -34.2131], [18.83241, -34.21308], [18.83241, -34.21306], [18.83242, -34.21304], [18.83242, -34.21301], [18.83241, -34.21299], [18.8324, -34.21297], [18.83239, -34.21295], [18.83238, -34.21293], [18.83237, -34.21291], [18.83237, -34.21288], [18.83236, -34.21286], [18.83235, -34.21284], [18.83235, -34.21282], [18.83236, -34.21279], [18.83236, -34.21277], [18.83237, -34.21275], [18.83237, -34.21272], [18.83236, -34.2127], [18.83236, -34.21267], [18.83235, -34.21265], [18.83235, -34.21262], [18.83234, -34.2126], [18.83232, -34.21259], [18.83231, -34.21257], [18.8323, -34.21255], [18.83229, -34.21253], [18.8323, -34.21251], [18.83232, -34.2125], [18.83234, -34.21249], [18.83236, -34.21248], [18.83237, -34.21246], [18.83239, -34.21245], [18.8324, -34.21243], [18.83241, -34.21241], [18.8324, -34.21239], [18.8324, -34.21236], [18.83241, -34.21234], [18.83241, -34.21232], [18.83242, -34.2123], [18.83247, -34.21224], [18.83259, -34.21229], [18.83269, -34.2125], [18.83283, -34.21249], [18.83302, -34.21246], [18.83322, -34.21223], [18.83359, -34.21191], [18.83374, -34.2117], [18.83366, -34.21152], [18.83327, -34.21124], [18.83278, -34.21112], [18.83264, -34.21069], [18.83231, -34.21063], [18.83219, -34.21042], [18.83173, -34.21027], [18.83171, -34.21026], [18.83169, -34.21025], [18.83151, -34.20988], [18.83158, -34.2098], [18.83133, -34.20954], [18.83133, -34.20939], [18.8317, -34.20959], [18.83168, -34.20951], [18.83149, -34.20922], [18.83156, -34.20916], [18.8317, -34.2092], [18.83176, -34.20902], [18.83192, -34.20902], [18.83193, -34.20892], [18.8318, -34.20864], [18.8319, -34.20831], [18.83176, -34.20836], [18.83165, -34.20832], [18.83171, -34.20803], [18.83182, -34.20796], [18.83182, -34.20752], [18.83163, -34.20742], [18.83134, -34.20747], [18.83111, -34.20758], [18.83086, -34.2075], [18.8306, -34.20743], [18.83046, -34.20726], [18.83047, -34.20693], [18.83055, -34.20685], [18.83056, -34.20674], [18.83039, -34.20662], [18.8303, -34.20634], [18.83039, -34.20618], [18.83018, -34.20598], [18.83011, -34.20588], [18.83017, -34.20557], [18.82994, -34.20547], [18.83004, -34.20527], [18.82994, -34.20484], [18.82978, -34.20476], [18.82952, -34.20492], [18.82936, -34.2049], [18.82906, -34.20507], [18.82905, -34.20509], [18.82892, -34.20514], [18.82878, -34.20511], [18.82839, -34.20465], [18.82817, -34.20464], [18.82799, -34.20431], [18.82801, -34.2042], [18.82814, -34.20412], [18.82824, -34.20399], [18.82807, -34.20391], [18.82805, -34.20381], [18.82837, -34.20374], [18.82823, -34.20336], [18.82799, -34.20314], [18.82707, -34.20289], [18.82675, -34.20278], [18.82659, -34.20258], [18.82649, -34.20246], [18.82615, -34.20237], [18.82594, -34.20197], [18.82576, -34.20156], [18.82575, -34.20154], [18.82556, -34.20092], [18.82539, -34.20087], [18.82526, -34.20117], [18.8249, -34.2009], [18.82473, -34.20073], [18.82459, -34.20073], [18.82462, -34.20081], [18.82471, -34.20098], [18.82493, -34.20115], [18.82487, -34.2013], [18.82457, -34.20126], [18.82439, -34.20112], [18.82445, -34.20089], [18.82439, -34.20075], [18.82404, -34.20047], [18.82374, -34.20012], [18.82346, -34.2], [18.82331, -34.19976], [18.82307, -34.19953], [18.82317, -34.19936], [18.82285, -34.19926], [18.82259, -34.19905], [18.82253, -34.19862], [18.82252, -34.1984], [18.82234, -34.19823], [18.82203, -34.19788], [18.82168, -34.19755], [18.82144, -34.19715], [18.82137, -34.19709], [18.82105, -34.19661], [18.82081, -34.19645], [18.82045, -34.19612], [18.82041, -34.19592], [18.82018, -34.19578], [18.81996, -34.19555], [18.82, -34.1954], [18.82015, -34.1953], [18.8201, -34.19513], [18.820133, -34.194963], [18.820273, -34.194778], [18.82047, -34.19476], [18.82047, -34.194585], [18.820628, -34.194428], [18.82082, -34.1941], [18.82107, -34.1939], [18.821213, -34.193828], [18.821288, -34.193819], [18.821228, -34.193676], [18.821068, -34.193467], [18.821043, -34.193506], [18.82087, -34.19354], [18.82067, -34.19358], [18.82053, -34.19376], [18.82028, -34.19385], [18.82012, -34.19393], [18.81995, -34.19417], [18.819798, -34.194261], [18.819641, -34.194239], [18.81948, -34.19427], [18.8195, -34.19447], [18.81909, -34.19419], [18.81895, -34.19419], [18.8189, -34.1943], [18.81862, -34.19424], [18.81857, -34.19397], [18.81871, -34.19388], [18.81904, -34.19382], [18.81898, -34.19372], [18.81875, -34.19333], [18.81861, -34.1931], [18.81863, -34.19292], [18.81881, -34.19275], [18.81877, -34.19254], [18.81888, -34.19211], [18.8186, -34.19154], [18.81867, -34.19148], [18.81884, -34.1915], [18.81888, -34.19142], [18.81871, -34.19124], [18.81847, -34.19091], [18.81834, -34.1905], [18.81835, -34.19], [18.81868, -34.19007], [18.81895, -34.18998], [18.81891, -34.1898], [18.81869, -34.18963], [18.81893, -34.18952], [18.81905, -34.18937], [18.81884, -34.18912], [18.81885, -34.18895], [18.81879, -34.18852], [18.81891, -34.18809], [18.81899, -34.18801], [18.81911, -34.18807], [18.81917, -34.18804], [18.81911, -34.18777], [18.81912, -34.18758], [18.81926, -34.1876], [18.81931, -34.18771], [18.81966, -34.18778], [18.8197, -34.18771], [18.81957, -34.18758], [18.8194, -34.18741], [18.81937, -34.1872], [18.81967, -34.18691], [18.81971, -34.18677], [18.8197, -34.18633], [18.81978, -34.18617], [18.81976, -34.18591], [18.81984, -34.18573], [18.81973, -34.18543], [18.81973, -34.18533], [18.81989, -34.18529], [18.81992, -34.18517], [18.82, -34.18516], [18.82034, -34.18491], [18.82057, -34.18485], [18.82082, -34.1848], [18.82061, -34.18463], [18.82079, -34.18423], [18.82099, -34.18418], [18.8211, -34.18397], [18.82134, -34.18343], [18.82136, -34.18342], [18.82148, -34.18334], [18.82144, -34.18315], [18.82151, -34.18311], [18.82153, -34.1831], [18.82177, -34.18303], [18.82182, -34.1831], [18.82176, -34.18319], [18.82194, -34.18316], [18.82205, -34.18325], [18.82213, -34.18318], [18.82216, -34.18317], [18.82243, -34.18317], [18.82252, -34.18302], [18.82254, -34.18302], [18.82268, -34.18304], [18.82274, -34.18297], [18.82265, -34.18277], [18.82264, -34.18267], [18.82263, -34.18248], [18.8224, -34.18237], [18.82238, -34.18236], [18.82233, -34.1823], [18.82259, -34.1823], [18.82265, -34.18221], [18.82268, -34.18219], [18.82288, -34.18216], [18.82278, -34.18194], [18.82301, -34.18183], [18.82321, -34.18183], [18.82328, -34.18163], [18.82347, -34.18159], [18.82357, -34.18136], [18.82357, -34.18128], [18.82357, -34.18116], [18.82381, -34.18095], [18.82388, -34.18095], [18.82414, -34.18074], [18.82414, -34.18063], [18.82419, -34.18059], [18.82436, -34.18044], [18.82458, -34.18043], [18.82463, -34.18047], [18.82482, -34.18045], [18.82493, -34.18037], [18.82504, -34.18045], [18.82506, -34.18058], [18.82486, -34.18064], [18.82497, -34.1807], [18.82499, -34.18069], [18.82535, -34.18039], [18.82542, -34.18034], [18.82539, -34.18026], [18.82569, -34.18014], [18.82583, -34.18019], [18.82586, -34.1802], [18.82609, -34.18013], [18.82625, -34.17996], [18.82615, -34.1798], [18.82635, -34.17962], [18.82677, -34.17934], [18.82679, -34.17933], [18.82695, -34.17924], [18.82726, -34.1792], [18.82735, -34.17919], [18.8275, -34.17934], [18.82768, -34.17921], [18.82755, -34.17921], [18.82752, -34.17911], [18.82768, -34.17897], [18.82768, -34.17905], [18.82764, -34.17909], [18.82761, -34.17915], [18.8278, -34.17912], [18.82794, -34.17902], [18.82825, -34.17868], [18.82827, -34.17867], [18.82869, -34.17848], [18.82878, -34.17835], [18.82889, -34.17821], [18.82916, -34.17812], [18.82921, -34.17797], [18.8291, -34.17795], [18.82901, -34.17804], [18.82892, -34.17792], [18.82914, -34.17776], [18.82925, -34.1774], [18.82966, -34.17717], [18.82967, -34.17715], [18.82994, -34.17686], [18.83013, -34.17677], [18.83045, -34.17646], [18.83085, -34.17616], [18.83093, -34.17613], [18.83137, -34.17598], [18.83139, -34.17599], [18.83182, -34.17579], [18.83196, -34.17571], [18.83235, -34.17546], [18.83235, -34.17542], [18.83255, -34.17528], [18.83276, -34.17527], [18.83286, -34.17535], [18.83314, -34.17525], [18.83332, -34.17529], [18.83335, -34.17529], [18.83354, -34.1753], [18.83366, -34.17507], [18.83368, -34.175], [18.83407, -34.17479], [18.83408, -34.17461], [18.83426, -34.17445], [18.83426, -34.17436], [18.83438, -34.17431], [18.83466, -34.17416], [18.83497, -34.17382], [18.835, -34.1738], [18.83522, -34.17368], [18.83544, -34.17365], [18.83548, -34.17367], [18.83579, -34.17372], [18.83596, -34.17365], [18.83596, -34.17353], [18.83579, -34.17354], [18.83591, -34.17336], [18.83572, -34.17339], [18.83588, -34.17329], [18.83607, -34.17335], [18.83611, -34.1733], [18.8363, -34.17327], [18.8363, -34.17315], [18.83638, -34.1731], [18.83646, -34.17299], [18.83668, -34.17305], [18.83673, -34.173], [18.83663, -34.17288], [18.83678, -34.17281], [18.83697, -34.17288], [18.83708, -34.17268], [18.8373, -34.17253], [18.83747, -34.17253], [18.83772, -34.17236], [18.83782, -34.1723], [18.83828, -34.17212], [18.83876, -34.17198], [18.83893, -34.17199], [18.83898, -34.17211], [18.83908, -34.17212], [18.83937, -34.17203], [18.83954, -34.17207], [18.83964, -34.17205], [18.84011, -34.17191], [18.84051, -34.17179], [18.84099, -34.17184], [18.84106, -34.17185], [18.84156, -34.17186], [18.84202, -34.17176], [18.84222, -34.17179], [18.84234, -34.17174], [18.84224, -34.17168], [18.84245, -34.1716], [18.84287, -34.17138], [18.84326, -34.17125], [18.84354, -34.17116], [18.84367, -34.17104], [18.84369, -34.17103], [18.84402, -34.17095], [18.84411, -34.17103], [18.84411, -34.17112], [18.84416, -34.1711], [18.84417, -34.17103], [18.8442, -34.17086], [18.84444, -34.17071], [18.84461, -34.17071], [18.84472, -34.17072], [18.84483, -34.17088], [18.84491, -34.17077], [18.84493, -34.17075], [18.84536, -34.17057], [18.84562, -34.1705], [18.84604, -34.17026], [18.8465, -34.1701], [18.84693, -34.16985], [18.84714, -34.16979], [18.84763, -34.16966], [18.84765, -34.16965], [18.84806, -34.16939], [18.84808, -34.16938], [18.84855, -34.16921], [18.84858, -34.16921], [18.84886, -34.16922], [18.848947, -34.169185], [18.84906, -34.16914], [18.84908, -34.16912], [18.84937, -34.16878], [18.84988, -34.16874], [18.85032, -34.16855], [18.85093, -34.16853], [18.85179, -34.16826], [18.8523, -34.16814], [18.85281, -34.16801], [18.852906, -34.167989], [18.85332, -34.1679], [18.85383, -34.16775], [18.85399, -34.16775], [18.85414, -34.16764], [18.85433, -34.16766], [18.85483, -34.16755], [18.85503, -34.16739], [18.8554, -34.16726], [18.85557, -34.16726], [18.855895, -34.167104], [18.856314, -34.1669], [18.856335, -34.166871], [18.856361, -34.166854], [18.856383, -34.166837], [18.856424, -34.166803], [18.856447, -34.166774], [18.856465, -34.166757], [18.856478, -34.166745], [18.856496, -34.166733], [18.856513, -34.166724], [18.856559, -34.166709], [18.856582, -34.166709], [18.85662, -34.166695], [18.856657, -34.166697], [18.856679, -34.16667], [18.856742, -34.166667], [18.856838, -34.166629], [18.856877, -34.166635], [18.857524, -34.166317], [18.857647, -34.166238], [18.857744, -34.166241], [18.858232, -34.166112], [18.858275, -34.166103], [18.85835, -34.166067], [18.858376, -34.166071], [18.858486, -34.166042], [18.858588, -34.166015], [18.858621, -34.166005], [18.858688, -34.165983], [18.858733, -34.165965], [18.858776, -34.165944], [18.858799, -34.165918], [18.858821, -34.165932], [18.858839, -34.165913], [18.85889, -34.165886], [18.85895, -34.165847], [18.858976, -34.16583], [18.859019, -34.165799], [18.859085, -34.165742], [18.859141, -34.165686], [18.859161, -34.165666], [18.859171, -34.165623], [18.859198, -34.165624], [18.859199, -34.165618], [18.859253, -34.165541], [18.859313, -34.165443], [18.85879, -34.165255], [18.858612, -34.165191], [18.85846, -34.16512], [18.858362, -34.165065], [18.858271, -34.165002], [18.858186, -34.164934], [18.858109, -34.164859], [18.85804, -34.16478], [18.857979, -34.164695], [18.857927, -34.164606], [18.857885, -34.164513], [18.857852, -34.164417], [18.85783, -34.16432], [18.85787, -34.16296], [18.85793, -34.16296], [18.858436, -34.16335], [18.859007, -34.163324], [18.859491, -34.163329], [18.859728, -34.163348], [18.859727, -34.16336], [18.859905, -34.16338], [18.860073, -34.163421], [18.860176, -34.163462], [18.860336, -34.163526], [18.860498, -34.163541], [18.860519, -34.163549], [18.860595, -34.163579], [18.860638, -34.163552], [18.860687, -34.163542], [18.860691, -34.163485], [18.86072, -34.163467], [18.860757, -34.163466], [18.860769, -34.16345], [18.8608, -34.163468], [18.860846, -34.163488], [18.860933, -34.163409], [18.86107, -34.163415], [18.861106, -34.163392], [18.861123, -34.163315], [18.861127, -34.16328], [18.861149, -34.163245], [18.8612, -34.163227], [18.86125, -34.16323], [18.86183, -34.16312], [18.8624, -34.16321], [18.86259, -34.16332], [18.86282, -34.16338], [18.86315, -34.1632], [18.863272, -34.163191], [18.863447, -34.163178], [18.863863, -34.162968], [18.864057, -34.162707], [18.86417, -34.162609], [18.864182, -34.1626], [18.864374, -34.162409], [18.864523, -34.162346], [18.864889, -34.162191], [18.865441, -34.161958], [18.865791, -34.161507], [18.865986, -34.161362], [18.866102, -34.161276], [18.866521, -34.161056], [18.866643, -34.160982], [18.866937, -34.160935], [18.867012, -34.160923], [18.867113, -34.160938], [18.867447, -34.16084], [18.867656, -34.160809], [18.867939, -34.160599], [18.868046, -34.160468], [18.868049, -34.160141], [18.868012, -34.160119], [18.867911, -34.159504], [18.868105, -34.159003], [18.868081, -34.158951], [18.868047, -34.158934], [18.868077, -34.15887], [18.867717, -34.158111], [18.867742, -34.158061], [18.867682, -34.158037], [18.867544, -34.157746], [18.867573, -34.157691], [18.867507, -34.157668], [18.867306, -34.157246], [18.867334, -34.157194], [18.86727, -34.15717], [18.86698, -34.15656], [18.86641, -34.15591], [18.86595, -34.15531], [18.86534, -34.15503], [18.86481, -34.15498], [18.86442, -34.15478], [18.86401, -34.15469], [18.86365, -34.15468], [18.86296, -34.15481], [18.862932, -34.154805], [18.86266, -34.15476], [18.86243, -34.15461], [18.8617, -34.1538], [18.861156, -34.153522], [18.86082, -34.15329], [18.860466, -34.153252], [18.860258, -34.152959], [18.860178, -34.152846], [18.859941, -34.152517], [18.859848, -34.15231], [18.859816, -34.152253], [18.859766, -34.152166], [18.859599, -34.151908], [18.859379, -34.151834], [18.859207, -34.151777], [18.858979, -34.152], [18.858527, -34.152442], [18.858268, -34.152509], [18.858056, -34.152543], [18.857382, -34.152461], [18.857046, -34.152386], [18.856663, -34.152215], [18.856363, -34.152037], [18.855279, -34.151981], [18.855223, -34.151963], [18.855216, -34.151918], [18.855322, -34.151795], [18.855369, -34.151714], [18.855414, -34.151443], [18.855445, -34.151166], [18.855455, -34.150979], [18.855448, -34.150929], [18.855449, -34.150917], [18.855453, -34.150884], [18.855405, -34.150764], [18.855295, -34.150563], [18.855188, -34.150289], [18.855115, -34.150093], [18.854964, -34.149747], [18.85465, -34.14906], [18.8547, -34.14895], [18.855117, -34.148619], [18.855021, -34.148476], [18.85497, -34.1484], [18.854618, -34.148129], [18.854573, -34.148094], [18.8541, -34.14773], [18.85347, -34.14699], [18.85297, -34.14679], [18.85285, -34.14676], [18.852519, -34.14652], [18.85245, -34.14647], [18.85203, -34.1455], [18.85099, -34.14428], [18.84996, -34.14362], [18.849279, -34.143077], [18.84888, -34.14276], [18.84823, -34.142428], [18.847898, -34.142196], [18.847472, -34.141758], [18.847349, -34.141498], [18.84708, -34.14101], [18.84691, -34.14044], [18.846838, -34.140309], [18.846722, -34.140065], [18.846705, -34.140031], [18.846456, -34.139815], [18.846382, -34.139598], [18.846229, -34.139544], [18.846037, -34.139504], [18.845824, -34.139452], [18.845784, -34.139261], [18.845719, -34.139103], [18.845568, -34.138959], [18.845604, -34.138829], [18.845615, -34.138692], [18.84527, -34.13835], [18.84525, -34.138217], [18.84524, -34.13815], [18.84491, -34.13771], [18.84407, -34.13687], [18.84374, -34.13664], [18.84331, -34.13613], [18.843229, -34.136072], [18.84209, -34.13525], [18.841945, -34.135094], [18.84168, -34.13481], [18.841305, -34.13413], [18.8412, -34.13394], [18.8409, -34.13347], [18.84031, -34.13295], [18.840303, -34.132869], [18.84025, -34.13227], [18.84011, -34.13195], [18.83958, -34.13147], [18.8391, -34.13074], [18.83837, -34.13013], [18.838203, -34.129915], [18.837978, -34.129625], [18.83792, -34.12955], [18.83748, -34.1293], [18.83708, -34.129], [18.83635, -34.12833], [18.8358, -34.12805], [18.83573, -34.12783], [18.83568, -34.12761], [18.83522, -34.12734], [18.83489, -34.12699], [18.834644, -34.126664], [18.834055, -34.126181], [18.833895, -34.126085], [18.832353, -34.125158], [18.83191, -34.12489], [18.8315, -34.12446], [18.831257, -34.124209], [18.831092, -34.124044], [18.830971, -34.123735], [18.830896, -34.123361], [18.83082, -34.12301], [18.830772, -34.122835], [18.830675, -34.12243], [18.83062, -34.12199], [18.830129, -34.121118], [18.83006, -34.120975], [18.829982, -34.120862], [18.829707, -34.120518], [18.829404, -34.120134], [18.829225, -34.119936], [18.828842, -34.119626], [18.828494, -34.119357], [18.828219, -34.119182], [18.828162, -34.119157], [18.828095, -34.119141], [18.827946, -34.119135], [18.827821, -34.119272], [18.827538, -34.119104], [18.827647, -34.118962], [18.827607, -34.118759], [18.827715, -34.118634], [18.827673, -34.118606], [18.827652, -34.118576], [18.827637, -34.118551], [18.827582, -34.118516], [18.827553, -34.118498], [18.827535, -34.118486], [18.827277, -34.118345], [18.827215, -34.118327], [18.827108, -34.118331], [18.827061, -34.118345], [18.827011, -34.118353], [18.826936, -34.118319], [18.826921, -34.118282], [18.826941, -34.118202], [18.826943, -34.118146], [18.826917, -34.118113], [18.826861, -34.118078], [18.82668, -34.118007], [18.825779, -34.117678], [18.825678, -34.117635], [18.825579, -34.117584], [18.825292, -34.117413], [18.825114, -34.117287], [18.825014, -34.117217], [18.824902, -34.117079], [18.824684, -34.116843], [18.824553, -34.116728], [18.824385, -34.116612], [18.824025, -34.116366], [18.823537, -34.116048], [18.823306, -34.115907], [18.823184, -34.115808], [18.823161, -34.115789], [18.82311, -34.115747], [18.822838, -34.115505], [18.822639, -34.11526], [18.822348, -34.114889], [18.822171, -34.114571], [18.821801, -34.113816], [18.821715, -34.113461], [18.821672, -34.113226], [18.821707, -34.112711], [18.821664, -34.112306], [18.82157, -34.111898], [18.821208, -34.110812], [18.821042, -34.110354], [18.820827, -34.11001], [18.820623, -34.109733], [18.820232, -34.109368], [18.82013, -34.109246], [18.81994, -34.109033], [18.819784, -34.108889], [18.81961, -34.108742], [18.819325, -34.108482], [18.819103, -34.108269], [18.818848, -34.107969], [18.818443, -34.10749], [18.818247, -34.107192], [18.818024, -34.106839], [18.817627, -34.10631], [18.817383, -34.106062], [18.81702, -34.105781], [18.816769, -34.105584], [18.815508, -34.104716], [18.815055, -34.104347], [18.814854, -34.104123], [18.814647, -34.103836], [18.814441, -34.103381], [18.814275, -34.103105], [18.813856, -34.102499], [18.813679, -34.102308], [18.813102, -34.10176], [18.812708, -34.101424], [18.812335, -34.101047], [18.812161, -34.100858], [18.812043, -34.100713], [18.811928, -34.100557], [18.811719, -34.10034], [18.811535, -34.10022], [18.810949, -34.099927], [18.810249, -34.099534], [18.810043, -34.099409], [18.809852, -34.099292], [18.809313, -34.098992], [18.808757, -34.098743], [18.808596, -34.098664], [18.807306, -34.097999], [18.806968, -34.097806], [18.806716, -34.097648], [18.806343, -34.097426], [18.806013, -34.097233], [18.805257, -34.09676], [18.804798, -34.096485], [18.804426, -34.096267], [18.804153, -34.096139], [18.803873, -34.096006], [18.803512, -34.095824], [18.803093, -34.095627], [18.802803, -34.095491], [18.80228, -34.09524], [18.801947, -34.095066], [18.801778, -34.094973], [18.801608, -34.094864], [18.801439, -34.094762], [18.8009, -34.094436], [18.800622, -34.094245], [18.800414, -34.094118], [18.80005, -34.093927], [18.799552, -34.093689], [18.799, -34.093443], [18.798643, -34.093286], [18.79809, -34.093085], [18.797693, -34.092957], [18.796831, -34.092724], [18.796534, -34.092675], [18.795923, -34.092484], [18.795193, -34.092253], [18.794244, -34.091829], [18.793799, -34.091636], [18.793536, -34.091498], [18.793211, -34.091372], [18.79293, -34.091245], [18.791733, -34.090727], [18.790701, -34.090256], [18.789969, -34.089932], [18.789188, -34.089534], [18.788437, -34.089167], [18.787997, -34.08897], [18.787144, -34.088677], [18.786162, -34.088304], [18.785819, -34.088142], [18.785473, -34.087942], [18.785162, -34.087757], [18.784542, -34.087391], [18.784043, -34.087118], [18.783681, -34.08696], [18.783402, -34.086862], [18.782195, -34.086476], [18.78119, -34.086165], [18.780248, -34.085882], [18.779674, -34.08568], [18.779014, -34.085407], [18.778545, -34.085203], [18.778194, -34.085047], [18.777596, -34.084856], [18.776756, -34.08461], [18.775702, -34.084239], [18.774782, -34.08389], [18.773293, -34.083268], [18.772022, -34.082837], [18.77072, -34.082487], [18.768551, -34.082048], [18.766939, -34.081744], [18.764925, -34.081306], [18.764482, -34.081211], [18.764096, -34.081124], [18.764, -34.0811], [18.76338, -34.080942], [18.763147, -34.080913], [18.762974, -34.080892], [18.762967, -34.080891], [18.762446, -34.080764], [18.761821, -34.080598], [18.760016, -34.079987], [18.759217, -34.079722], [18.758471, -34.079491], [18.757752, -34.07926], [18.756795, -34.078938], [18.755937, -34.078705], [18.755151, -34.078561], [18.754459, -34.078443], [18.753622, -34.078276], [18.752675, -34.078145], [18.75171, -34.077994], [18.749974, -34.077721], [18.748485, -34.077508], [18.747386, -34.077383], [18.746471, -34.077272], [18.746031, -34.077194], [18.744969, -34.076972], [18.744132, -34.076743], [18.742982, -34.07645], [18.741638, -34.076121], [18.741117, -34.075941], [18.740846, -34.075852], [18.740482, -34.075755], [18.739487, -34.075606], [18.738661, -34.075532], [18.73686, -34.07525], [18.73474, -34.07509], [18.73162, -34.07463], [18.72966, -34.07441], [18.72629, -34.07432], [18.72387, -34.07421], [18.72307, -34.07415], [18.72176, -34.07396], [18.72123, -34.07396], [18.7207, -34.07385], [18.72018, -34.07378], [18.71932, -34.07366], [18.7183, -34.07356], [18.7179, -34.07341], [18.71665, -34.07317], [18.71418, -34.07293], [18.71221, -34.07288], [18.70807, -34.07272], [18.70754, -34.07267], [18.70662, -34.07262], [18.70565, -34.07259], [18.70471, -34.07256], [18.70372, -34.07249], [18.70286, -34.07246], [18.70189, -34.07246], [18.70089, -34.07245], [18.69991, -34.07246], [18.69958, -34.07244], [18.69924, -34.07231], [18.69913, -34.072297], [18.69899, -34.07228], [18.69877, -34.07241], [18.69825, -34.07233], [18.69797, -34.0723], [18.69775, -34.0724], [18.69722, -34.07236], [18.69662, -34.07231], [18.696, -34.07219], [18.69548, -34.07213], [18.695233, -34.072135], [18.69496, -34.07214], [18.69466, -34.07211], [18.69445, -34.07218], [18.69431, -34.07239], [18.69406, -34.07243], [18.69373, -34.07245], [18.69356, -34.07236], [18.69326, -34.07233], [18.69231, -34.07235], [18.69224, -34.07235], [18.69164, -34.07246], [18.6913, -34.07242], [18.69079, -34.07245], [18.69057, -34.07252], [18.69029, -34.07247], [18.68976, -34.0725], [18.6896, -34.07245], [18.68926, -34.07255], [18.68909, -34.07271], [18.68902, -34.07294], [18.68891, -34.0735], [18.68862, -34.0741], [18.68878, -34.0741], [18.68974, -34.07402], [18.69036, -34.07407], [18.69033, -34.07417], [18.69016, -34.07416], [18.68919, -34.07421], [18.68867, -34.07428], [18.68811, -34.07465], [18.68775, -34.07475], [18.68716, -34.07471], [18.68682, -34.0746], [18.68656, -34.07474], [18.68635, -34.07471], [18.68614, -34.07478], [18.68586, -34.0747], [18.68563, -34.0747], [18.68538, -34.07458], [18.68487, -34.07457], [18.68463, -34.07469], [18.6844, -34.07462], [18.68404, -34.0743], [18.6839, -34.07418], [18.68358, -34.07423], [18.68305, -34.07419], [18.68255, -34.0741], [18.68204, -34.07407], [18.68152, -34.07398], [18.68136, -34.07404], [18.68094, -34.07397], [18.68041, -34.07398], [18.68007, -34.07402], [18.67986, -34.07396], [18.67932, -34.07391], [18.6788, -34.07383], [18.67827, -34.07376], [18.67776, -34.07363], [18.67724, -34.07355], [18.67699, -34.07358], [18.6766, -34.07347], [18.675921, -34.073489], [18.67587, -34.07349], [18.67534, -34.07353], [18.67506, -34.07356], [18.67481, -34.0735], [18.67429, -34.07357], [18.67376, -34.07357], [18.67322, -34.07366], [18.67298, -34.07365], [18.67302, -34.07354], [18.67293, -34.07347], [18.67264, -34.07353], [18.67254, -34.07338], [18.67228, -34.07325], [18.67206, -34.07331], [18.67154, -34.07332], [18.67101, -34.07332], [18.67049, -34.07324], [18.66997, -34.07319], [18.66946, -34.07307], [18.66925, -34.07302], [18.668984, -34.07308], [18.66894, -34.07309], [18.66841, -34.07314], [18.66788, -34.07312], [18.66736, -34.07314], [18.66684, -34.0731], [18.66662, -34.07313], [18.66633, -34.07303], [18.66581, -34.07311], [18.66548, -34.07313], [18.66529, -34.07307], [18.6651, -34.0729], [18.66485, -34.07286], [18.66431, -34.07281], [18.66378, -34.07283], [18.66325, -34.07277], [18.66272, -34.07273], [18.66218, -34.07266], [18.66165, -34.07268], [18.66111, -34.07271], [18.66025, -34.07271], [18.65972, -34.07271], [18.65919, -34.07264], [18.65893, -34.07274], [18.65862, -34.07274], [18.65797, -34.07277], [18.65754, -34.0728], [18.65715, -34.07273], [18.65688, -34.07303], [18.6566, -34.07293], [18.65596, -34.07282], [18.65573, -34.07278], [18.65544, -34.07293], [18.65512, -34.073], [18.65481, -34.07297], [18.65443, -34.0729], [18.65419, -34.07299], [18.65366, -34.07295], [18.65328, -34.07306], [18.65306, -34.07302], [18.65287, -34.07298], [18.65257, -34.07289], [18.65208, -34.07294], [18.65169, -34.07301], [18.65129, -34.07286], [18.65089, -34.07279], [18.65049, -34.07281], [18.64999, -34.07297], [18.649542, -34.072907], [18.64948, -34.07285], [18.64898, -34.07282], [18.64868, -34.07292], [18.64847, -34.07289], [18.64795, -34.07278], [18.64733, -34.07295], [18.64686, -34.07279], [18.64654, -34.0728], [18.64609, -34.07299], [18.64604, -34.07299], [18.64518, -34.07296], [18.64478, -34.07296], [18.64393, -34.07297], [18.64331, -34.07307], [18.64312, -34.073], [18.64291, -34.07293], [18.64248, -34.07303], [18.64185, -34.073], [18.64158, -34.07294], [18.64132, -34.07298], [18.64079, -34.07296], [18.64026, -34.07299], [18.63972, -34.073], [18.6392, -34.07312], [18.63868, -34.0732], [18.63826, -34.07329], [18.63805, -34.0732], [18.63803, -34.0732], [18.63721, -34.07322], [18.63668, -34.07322], [18.6364, -34.07329], [18.63611, -34.07317], [18.63581, -34.07318], [18.63498, -34.07321], [18.63471, -34.07324], [18.63418, -34.07323], [18.63401, -34.07319], [18.63362, -34.07326], [18.6331, -34.07335], [18.6328, -34.07331], [18.63195, -34.07337], [18.6318, -34.07332], [18.63143, -34.07337], [18.63079, -34.07329], [18.63074, -34.07331], [18.6302, -34.07345], [18.62994, -34.07341], [18.62942, -34.07347], [18.62889, -34.07356], [18.628699, -34.073586], [18.628624, -34.073596], [18.62837, -34.07363], [18.62784, -34.0737], [18.62735, -34.07386], [18.626993, -34.0739], [18.62682, -34.07392], [18.62614, -34.074], [18.62581, -34.07411], [18.62545, -34.07434], [18.6251, -34.07422], [18.62487, -34.07422], [18.62436, -34.07434], [18.62385, -34.07443], [18.62335, -34.07457], [18.62289, -34.07476], [18.62238, -34.07482], [18.62229, -34.07483], [18.62186, -34.0751], [18.62168, -34.07524], [18.62167, -34.07547], [18.62144, -34.07559], [18.62118, -34.07544], [18.62087, -34.07541], [18.62054, -34.07557], [18.62039, -34.07554], [18.62021, -34.07537], [18.61994, -34.07529], [18.6196, -34.07525], [18.61912, -34.07532], [18.618779, -34.07519], [18.61859, -34.07517], [18.6183, -34.07518], [18.61745, -34.07515], [18.6168, -34.07513], [18.61651, -34.07514], [18.61567, -34.07516], [18.61544, -34.07517], [18.6146, -34.07522], [18.61387, -34.07523], [18.61333, -34.07525], [18.61281, -34.07534], [18.61227, -34.07532], [18.61189, -34.07531], [18.61178, -34.07539], [18.61165, -34.07548], [18.6113, -34.07551], [18.611, -34.07565], [18.61078, -34.07559], [18.61015, -34.07568], [18.60972, -34.0757], [18.60955, -34.07579], [18.60904, -34.07588], [18.60851, -34.07596], [18.60798, -34.07603], [18.60747, -34.07615], [18.60695, -34.07626], [18.60642, -34.07634], [18.60589, -34.07638], [18.60536, -34.07648], [18.60484, -34.07656], [18.60431, -34.07665], [18.60379, -34.07674], [18.60326, -34.07683], [18.60273, -34.07692], [18.6022, -34.07698], [18.60167, -34.07705], [18.60114, -34.07712], [18.60061, -34.07721], [18.60007, -34.07722], [18.59954, -34.07728], [18.59901, -34.07735], [18.59848, -34.07745], [18.59797, -34.07756], [18.59744, -34.07761], [18.59695, -34.07778], [18.59646, -34.07794], [18.59595, -34.07807], [18.59542, -34.07816], [18.59489, -34.07824], [18.59437, -34.07834], [18.59384, -34.07842], [18.59255, -34.07866], [18.59203, -34.07874], [18.59128, -34.07892], [18.59075, -34.07902], [18.5904, -34.07901], [18.58997, -34.07918], [18.58945, -34.07929], [18.58846, -34.07937], [18.58799, -34.07971], [18.58736, -34.07992], [18.58667, -34.08005], [18.58636, -34.08018], [18.58472, -34.08056], [18.58421, -34.08071], [18.58356, -34.08086], [18.5833, -34.08099], [18.58307, -34.08099], [18.58255, -34.08109], [18.58064, -34.08157], [18.58012, -34.08169], [18.57959, -34.08178], [18.57905, -34.08189], [18.57883, -34.08194], [18.57831, -34.082], [18.57486, -34.08268], [18.57216, -34.08327], [18.5698, -34.08398], [18.56844, -34.08442], [18.56787, -34.08451], [18.56699, -34.08483], [18.56574, -34.085], [18.56492, -34.08521], [18.56339, -34.08566], [18.55979, -34.08642], [18.55919, -34.08658], [18.55848, -34.08689], [18.5575, -34.08704], [18.55655, -34.0876], [18.556513, -34.088209], [18.556223, -34.088871], [18.555574, -34.08932], [18.554748, -34.089546], [18.554046, -34.089489], [18.553638, -34.089226], [18.553166, -34.088871], [18.550489, -34.088704], [18.550174, -34.088698], [18.54999, -34.088745], [18.549766, -34.088796], [18.549498, -34.088828], [18.549305, -34.088847], [18.548965, -34.088901], [18.548611, -34.088956], [18.548406, -34.088987], [18.548192, -34.089014], [18.548037, -34.089033], [18.547905, -34.089055], [18.547823, -34.08907], [18.547732, -34.089086], [18.547605, -34.089102], [18.547462, -34.089115], [18.547277, -34.089127], [18.547167, -34.089141], [18.547051, -34.089158], [18.546926, -34.089174], [18.546824, -34.089183], [18.546698, -34.089198], [18.546527, -34.089219], [18.546337, -34.089248], [18.546056, -34.089301], [18.545633, -34.089357], [18.54533, -34.089399], [18.545043, -34.089428], [18.544691, -34.089483], [18.544436, -34.089532], [18.544128, -34.089601], [18.543736, -34.089657], [18.543267, -34.08973], [18.542736, -34.089805], [18.542229, -34.089859], [18.541797, -34.089908], [18.541352, -34.089952], [18.540928, -34.09003], [18.540582, -34.09011], [18.540161, -34.090187], [18.539721, -34.090259], [18.539321, -34.090308], [18.538951, -34.09037], [18.538466, -34.090403], [18.538104, -34.090416], [18.537787, -34.090445], [18.537382, -34.090512], [18.536902, -34.090587], [18.536468, -34.090661], [18.53614, -34.090741], [18.53562, -34.090861], [18.535196, -34.090941], [18.532637, -34.091416], [18.531307, -34.091705], [18.530384, -34.09194], [18.529488, -34.09214], [18.528244, -34.092447], [18.526238, -34.09282], [18.52524, -34.093029], [18.5241, -34.093277], [18.522949, -34.093493], [18.52156, -34.093813], [18.520581, -34.094019], [18.51972, -34.09417], [18.518427, -34.09445], [18.516193, -34.095008], [18.514964, -34.095312], [18.514401, -34.095436], [18.51383, -34.095565], [18.51287, -34.09578], [18.511443, -34.096109], [18.510337, -34.096456], [18.508642, -34.096849], [18.508186, -34.096933], [18.507789, -34.097022], [18.507451, -34.097104], [18.506979, -34.097226], [18.506168, -34.097432], [18.505414, -34.097595], [18.505158, -34.097641], [18.504894, -34.097686], [18.504846, -34.097696], [18.504512, -34.097772], [18.503997, -34.097906], [18.503624, -34.098004], [18.503195, -34.098133], [18.50268, -34.098286], [18.502232, -34.098415], [18.501709, -34.098544], [18.501419, -34.098617], [18.501124, -34.098686], [18.500585, -34.098828], [18.500107, -34.098948], [18.499764, -34.099037], [18.49945, -34.09911], [18.499137, -34.09919], [18.498557, -34.099363], [18.497398, -34.099665], [18.496261, -34.099981], [18.494926, -34.100358], [18.493879, -34.100678], [18.4933, -34.100847], [18.492726, -34.101025], [18.492096, -34.101251], [18.491661, -34.10138], [18.491156, -34.101522], [18.490776, -34.10162], [18.490387, -34.101731], [18.490006, -34.10184], [18.489537, -34.101971], [18.488885, -34.102179], [18.488496, -34.102328], [18.488292, -34.102397], [18.487973, -34.102501], [18.487683, -34.102601], [18.487233, -34.102748], [18.486638, -34.102935], [18.486117, -34.10311], [18.485498, -34.103301], [18.485173, -34.103405], [18.484819, -34.103516], [18.484282, -34.103685], [18.483794, -34.103845], [18.483295, -34.104005], [18.481773, -34.104501], [18.481054, -34.104704], [18.480472, -34.104878], [18.479794, -34.105116], [18.479044, -34.105347], [18.478128, -34.105648], [18.477293, -34.105933], [18.476627, -34.106133], [18.476357, -34.106222], [18.476294, -34.106247], [18.47623, -34.106273], [18.475984, -34.106384], [18.475075, -34.106703], [18.473613, -34.107299], [18.47247, -34.107733], [18.471652, -34.108068], [18.470547, -34.108529], [18.469418, -34.109042], [18.469124, -34.109193], [18.468993, -34.109275], [18.468935, -34.109336], [18.468896, -34.109374], [18.468866, -34.109403], [18.46843, -34.10953], [18.468229, -34.109833], [18.468183, -34.109903], [18.468115, -34.109935], [18.468045, -34.110064], [18.467894, -34.110222], [18.46782, -34.110406], [18.467758, -34.110608], [18.467686, -34.110725], [18.467532, -34.110785], [18.467463, -34.110858], [18.467412, -34.110943], [18.467362, -34.111063], [18.467219, -34.11119], [18.467122, -34.11126], [18.467078, -34.111346], [18.466987, -34.111552], [18.466869, -34.111823], [18.466798, -34.111979], [18.466679, -34.112243], [18.466616, -34.112382], [18.46656, -34.112505], [18.466527, -34.112586], [18.466538, -34.112632], [18.466545, -34.112775], [18.466507, -34.113019], [18.4664, -34.113163], [18.466371, -34.113244], [18.466361, -34.113352], [18.466313, -34.11344], [18.46625, -34.113567], [18.466165, -34.113636], [18.465976, -34.113708], [18.465748, -34.113822], [18.46549, -34.11395], [18.465181, -34.114157], [18.465115, -34.114223], [18.465038, -34.114348], [18.464852, -34.114493], [18.465, -34.11477], [18.46485, -34.11498], [18.46462, -34.115], [18.46413, -34.11516], [18.46379, -34.11551], [18.46367, -34.11564], [18.46337, -34.11575], [18.46292, -34.11594], [18.4625, -34.11623], [18.462412, -34.116281], [18.46207, -34.1165], [18.46167, -34.11679], [18.46142, -34.11688], [18.46126, -34.11706], [18.46097, -34.11744], [18.46048, -34.11776], [18.46042, -34.11787], [18.46037, -34.11799], [18.460171, -34.118041], [18.46002, -34.11808], [18.45987, -34.11808], [18.45962, -34.11831], [18.459462, -34.118528], [18.459354, -34.11868], [18.459324, -34.118783], [18.459305, -34.118846], [18.45929, -34.1189], [18.459314, -34.119025], [18.459324, -34.119174], [18.459381, -34.119305], [18.45929, -34.11954], [18.45928, -34.11968], [18.45895, -34.11976], [18.45879, -34.1199], [18.45882, -34.12015], [18.45876, -34.12039], [18.45856, -34.12046], [18.45842, -34.12046], [18.45846, -34.12065], [18.45829, -34.12075], [18.45803, -34.12065], [18.4578, -34.12067], [18.45745, -34.12069], [18.45731, -34.12062], [18.45729, -34.12061], [18.45727, -34.12061], [18.45724, -34.12061], [18.45722, -34.12062], [18.4572, -34.12062], [18.45717, -34.12062], [18.45715, -34.12062], [18.45713, -34.12063], [18.45711, -34.12063], [18.45708, -34.12064], [18.45706, -34.12064], [18.45703, -34.12065], [18.457, -34.12065], [18.45698, -34.12066], [18.45695, -34.12066], [18.45693, -34.12067], [18.45691, -34.12067], [18.45689, -34.12068], [18.45687, -34.12069], [18.45684, -34.1207], [18.45622, -34.12112], [18.45548, -34.12174], [18.45419, -34.12255], [18.453726, -34.123008], [18.453028, -34.123739], [18.452799, -34.123953], [18.452714, -34.124073], [18.452873, -34.124205], [18.452787, -34.12432], [18.452764, -34.124391], [18.452623, -34.124381], [18.452622, -34.124381], [18.452391, -34.124507], [18.45211, -34.124661], [18.451987, -34.124761], [18.451744, -34.124959], [18.451428, -34.125271], [18.451278, -34.125406], [18.451065, -34.125581], [18.450693, -34.12588], [18.450865, -34.126098], [18.450718, -34.126211], [18.450633, -34.126276], [18.450533, -34.126186], [18.450524, -34.126193], [18.45041, -34.12628], [18.45048, -34.126343], [18.450205, -34.126544], [18.450055, -34.126449], [18.44953, -34.12685], [18.449915, -34.127231], [18.449932, -34.127226], [18.450055, -34.127343], [18.450262, -34.127548], [18.450554, -34.127841], [18.45071, -34.127995], [18.450728, -34.12799], [18.450829, -34.128123], [18.45084, -34.128151], [18.450834, -34.128172], [18.451257, -34.12828], [18.451276, -34.128285], [18.451374, -34.128381], [18.44974, -34.12943], [18.449556, -34.129545], [18.449336, -34.129687], [18.449311, -34.129712], [18.44929, -34.129792], [18.449329, -34.129886], [18.4493, -34.129947], [18.44928, -34.130048], [18.449297, -34.130192], [18.44931, -34.13035], [18.449361, -34.130437], [18.449372, -34.130517], [18.449353, -34.130607], [18.449295, -34.130662], [18.449242, -34.130669], [18.449205, -34.13066], [18.44906, -34.130689], [18.449016, -34.130758], [18.448967, -34.130833], [18.448911, -34.130826], [18.448828, -34.130816], [18.448735, -34.130892], [18.448712, -34.130931], [18.448763, -34.131066], [18.448763, -34.13114], [18.448759, -34.131202], [18.448674, -34.131248], [18.448612, -34.131246], [18.448575, -34.131218], [18.448394, -34.131115], [18.448242, -34.131087], [18.448163, -34.131105], [18.448122, -34.131128], [18.448103, -34.131173], [18.448109, -34.131235], [18.448164, -34.131346], [18.448156, -34.13139], [18.44811, -34.131371], [18.448065, -34.131407], [18.448127, -34.13147], [18.448122, -34.131513], [18.448049, -34.131548], [18.4481, -34.131607], [18.448057, -34.131659], [18.447997, -34.131732], [18.447943, -34.131814], [18.447845, -34.131888], [18.447739, -34.131944], [18.447622, -34.131924], [18.447554, -34.131969], [18.447492, -34.131979], [18.447433, -34.132035], [18.447442, -34.13207], [18.447534, -34.132188], [18.447588, -34.132238], [18.44754, -34.13236], [18.44725, -34.13247], [18.44709, -34.13262], [18.44675, -34.13267], [18.44622, -34.13273], [18.44605, -34.13267], [18.4459, -34.13279], [18.44564, -34.1328], [18.445586, -34.132823], [18.445535, -34.132845], [18.44543, -34.13289], [18.44501, -34.13277], [18.44487, -34.13283], [18.44461, -34.13269], [18.44407, -34.13271], [18.44362, -34.13263], [18.443042, -34.132566], [18.44183, -34.13247], [18.44089, -34.132221], [18.440397, -34.132082], [18.440082, -34.132012], [18.439924, -34.132077], [18.439685, -34.132248], [18.439366, -34.132546], [18.438818, -34.133012], [18.438385, -34.133391], [18.43784, -34.133849], [18.437189, -34.134352], [18.436583, -34.134834], [18.435999, -34.135355], [18.435458, -34.135822], [18.435079, -34.136197], [18.434776, -34.136515], [18.434494, -34.136832], [18.434164, -34.137208], [18.433921, -34.137526], [18.433669, -34.137863], [18.433471, -34.138249], [18.433308, -34.138556], [18.433149, -34.13884], [18.433015, -34.139124], [18.432906, -34.139399], [18.432806, -34.139686], [18.432744, -34.139927], [18.432689, -34.140112], [18.432641, -34.140399], [18.432588, -34.14074], [18.432542, -34.14103], [18.432524, -34.141305], [18.432527, -34.141494], [18.432551, -34.141682], [18.432592, -34.1418], [18.432746, -34.141847], [18.432909, -34.141885], [18.433066, -34.141905], [18.433149, -34.14193], [18.43347, -34.14199], [18.43403, -34.14229], [18.43441, -34.14258], [18.43495, -34.14275], [18.43514, -34.14298], [18.43636, -34.1435], [18.43686, -34.14362], [18.43715, -34.14397], [18.43738, -34.144], [18.43741, -34.14412], [18.437494, -34.144199], [18.437529, -34.144251], [18.437519, -34.144337], [18.437465, -34.144362], [18.437375, -34.144409], [18.437392, -34.144467], [18.437416, -34.144557], [18.43747, -34.14465], [18.437508, -34.144688], [18.43763, -34.144801], [18.437741, -34.144856], [18.437819, -34.144908], [18.437855, -34.144956], [18.437839, -34.14502], [18.43786, -34.14511], [18.43786, -34.145176], [18.437888, -34.145352], [18.437915, -34.145457], [18.437974, -34.145583], [18.438041, -34.145734], [18.438116, -34.14585], [18.438196, -34.145935], [18.438318, -34.146114], [18.438414, -34.146229], [18.438497, -34.146341], [18.438621, -34.146508], [18.438713, -34.146617], [18.438794, -34.146719], [18.43887, -34.146794], [18.438931, -34.146921], [18.438976, -34.147043], [18.43899, -34.147104], [18.439055, -34.147215], [18.439108, -34.147277], [18.439156, -34.147379], [18.439212, -34.147422], [18.439236, -34.147497], [18.439274, -34.147571], [18.439345, -34.14763], [18.439429, -34.147775], [18.439472, -34.147916], [18.439526, -34.148092], [18.439573, -34.148272], [18.439598, -34.148371], [18.4396, -34.148496], [18.439633, -34.148645], [18.439693, -34.148817], [18.43971, -34.148969], [18.43974, -34.149089], [18.439765, -34.149166], [18.439785, -34.149237], [18.439802, -34.149314], [18.439869, -34.149426], [18.439868, -34.149536], [18.439865, -34.149606], [18.439865, -34.149756], [18.4399, -34.149867], [18.439867, -34.150042], [18.439866, -34.150225], [18.439805, -34.150392], [18.439759, -34.150555], [18.439715, -34.150696], [18.439643, -34.15086], [18.43957, -34.151046], [18.439511, -34.151215], [18.43943, -34.1517], [18.439356, -34.151824], [18.439256, -34.151974], [18.439185, -34.152089], [18.439075, -34.152188], [18.438965, -34.152291], [18.438864, -34.152401], [18.438705, -34.152568], [18.438595, -34.152667], [18.438503, -34.152766], [18.438379, -34.152902], [18.438296, -34.152993], [18.438213, -34.153095], [18.438095, -34.153199], [18.438059, -34.153246], [18.43797, -34.153351], [18.43783, -34.15352], [18.437743, -34.153644], [18.437695, -34.153737], [18.437572, -34.153837], [18.43751, -34.153904], [18.437439, -34.15399], [18.437349, -34.154112], [18.437266, -34.154206], [18.437173, -34.154293], [18.437042, -34.154402], [18.43704, -34.15447], [18.436994, -34.154538], [18.436909, -34.154593], [18.436903, -34.15466], [18.436843, -34.154774], [18.43674, -34.15501], [18.43666, -34.15507], [18.43681, -34.15525], [18.43678, -34.15537], [18.43631, -34.15554], [18.43628, -34.15574], [18.43612, -34.15577], [18.43604, -34.15587], [18.43604, -34.15606], [18.435931, -34.156183], [18.43588, -34.15624], [18.43583, -34.15632], [18.43593, -34.15663], [18.43597, -34.15674], [18.43583, -34.15706], [18.43586, -34.15718], [18.43559, -34.15721], [18.43549, -34.15734], [18.43529, -34.15787], [18.43481, -34.15796], [18.43464, -34.15806], [18.43456, -34.15798], [18.43434, -34.158], [18.43404, -34.15813], [18.43386, -34.15805], [18.43356, -34.15812], [18.433423, -34.158075], [18.433331, -34.158109], [18.433265, -34.158211], [18.433189, -34.158335], [18.433084, -34.158489], [18.432939, -34.158683], [18.432644, -34.158949], [18.432392, -34.159169], [18.432181, -34.15944], [18.431917, -34.159752], [18.43174, -34.160015], [18.431517, -34.160313], [18.431384, -34.160572], [18.431272, -34.160863], [18.4312, -34.161141], [18.431184, -34.161264], [18.431182, -34.16133], [18.431201, -34.161444], [18.431284, -34.161621], [18.431402, -34.161776], [18.431573, -34.161978], [18.431712, -34.162057], [18.431873, -34.162193], [18.43205, -34.162384], [18.43213, -34.162471], [18.432551, -34.162823], [18.43241, -34.163014], [18.432265, -34.16321], [18.43216, -34.16339], [18.43234, -34.16357], [18.43242, -34.16386], [18.43237, -34.16403], [18.4323, -34.16408], [18.43226, -34.16442], [18.43246, -34.16478], [18.43243, -34.16497], [18.43275, -34.16529], [18.43297, -34.16549], [18.43305, -34.16572], [18.43322, -34.16602], [18.43307, -34.16608], [18.43258, -34.16622], [18.43264, -34.16643], [18.43251, -34.1664], [18.43241, -34.16655], [18.43216, -34.1666], [18.43177, -34.16704], [18.43162, -34.16732], [18.43177, -34.16737], [18.4318, -34.16763], [18.4316, -34.16776], [18.43147, -34.16803], [18.43148, -34.16815], [18.43158, -34.16822], [18.43164, -34.16843], [18.43151, -34.16862], [18.43144, -34.16869], [18.43157, -34.16882], [18.43137, -34.16885], [18.43131, -34.16897], [18.43085, -34.16909], [18.43067, -34.16935], [18.43062, -34.16961], [18.4307, -34.1697], [18.43064, -34.1698], [18.43046, -34.16976], [18.43051, -34.17014], [18.43033, -34.170402], [18.43011, -34.17046], [18.42979, -34.17081], [18.42943, -34.17115], [18.42875, -34.17201], [18.428677, -34.172223], [18.42864, -34.17242], [18.42846, -34.17283], [18.42848, -34.17335], [18.42847, -34.17342], [18.4283, -34.17349], [18.42832, -34.17375], [18.428306, -34.173868], [18.42827, -34.17416], [18.428195, -34.174413], [18.42798, -34.17513], [18.427943, -34.175514], [18.427833, -34.175727], [18.427693, -34.175916], [18.42744, -34.176054], [18.427393, -34.176077], [18.427281, -34.176144], [18.427212, -34.17624], [18.427135, -34.176305], [18.427033, -34.176392], [18.427026, -34.176447], [18.426918, -34.176504], [18.426883, -34.176557], [18.426838, -34.176638], [18.426748, -34.176733], [18.42669, -34.176851], [18.426658, -34.176911], [18.426522, -34.177038], [18.426424, -34.177184], [18.426351, -34.177387], [18.426371, -34.17743], [18.426391, -34.177481], [18.426391, -34.177572], [18.426376, -34.177633], [18.426286, -34.177633], [18.426252, -34.177689], [18.426245, -34.177778], [18.426198, -34.177888], [18.42621, -34.177914], [18.426144, -34.178062], [18.426083, -34.178096], [18.425975, -34.178584], [18.42584, -34.17922], [18.42555, -34.18058], [18.42548, -34.18102], [18.42537, -34.18193], [18.42531, -34.18238], [18.42524, -34.18282], [18.42518, -34.1834], [18.425136, -34.183897], [18.42513, -34.184151], [18.42516, -34.18467], [18.42533, -34.18509], [18.425794, -34.186522], [18.4259, -34.186824], [18.42644, -34.18777], [18.42641, -34.1882], [18.42668, -34.18859], [18.42697, -34.18896], [18.42725, -34.18934], [18.427447, -34.189587], [18.427849, -34.189571], [18.427827, -34.189254], [18.427926, -34.189233], [18.427999, -34.189382], [18.428016, -34.189627], [18.427712, -34.18978], [18.42776, -34.19001], [18.427775, -34.190185], [18.42778, -34.19024], [18.42794, -34.19041], [18.42802, -34.190506], [18.4282, -34.19072], [18.42822, -34.19075], [18.42826, -34.19085], [18.42833, -34.19099], [18.42817, -34.19115], [18.42848, -34.19143], [18.42842, -34.1915], [18.42913, -34.19197], [18.42951, -34.19154], [18.42959, -34.19159], [18.4293, -34.1919], [18.42974, -34.19219], [18.43, -34.19193], [18.42968, -34.19172], [18.42973, -34.19167], [18.430118, -34.191859], [18.43027, -34.19188], [18.43116, -34.1917], [18.43154, -34.19181], [18.4325, -34.19214], [18.432409, -34.192335], [18.432561, -34.192382], [18.432746, -34.191937], [18.432929, -34.19198], [18.432586, -34.192748], [18.433326, -34.192786], [18.433386, -34.192623], [18.43335, -34.192354], [18.433423, -34.192277], [18.43335, -34.19221], [18.43342, -34.19213], [18.43377, -34.19244], [18.43385, -34.19236], [18.43364, -34.192171], [18.433688, -34.192123], [18.43371, -34.1921], [18.43373, -34.19208], [18.433869, -34.192147], [18.43402, -34.19218], [18.43431, -34.19214], [18.43442, -34.19218], [18.434453, -34.192157], [18.43452, -34.19211], [18.43489, -34.19109], [18.43498, -34.19084], [18.43393, -34.18847], [18.43382, -34.18849], [18.43366, -34.18816], [18.43392, -34.18799], [18.434, -34.18806], [18.43481, -34.18754], [18.43633, -34.18659], [18.43627, -34.18652], [18.43654, -34.18635], [18.43739, -34.18593], [18.43776, -34.18569], [18.43763, -34.18477], [18.43779, -34.18475], [18.43785, -34.18508], [18.43792, -34.18557], [18.43804, -34.18569], [18.44073, -34.18721], [18.44202, -34.18755], [18.44229, -34.18762], [18.44383, -34.19167], [18.44389, -34.19167], [18.44404, -34.19167], [18.44417, -34.19206], [18.44443, -34.19216], [18.44494, -34.19228], [18.445822, -34.192376], [18.445916, -34.192396], [18.445978, -34.192458], [18.44598, -34.19255], [18.445964, -34.192813], [18.44593, -34.192996], [18.445892, -34.193103], [18.445881, -34.193175], [18.445919, -34.193253], [18.446155, -34.19349], [18.44632, -34.19365], [18.446431, -34.19379], [18.446512, -34.193944], [18.44656, -34.194052], [18.446611, -34.194108], [18.446693, -34.19414], [18.446855, -34.194149], [18.447008, -34.194147], [18.447139, -34.194138], [18.447235, -34.194123], [18.44727, -34.194109], [18.44728, -34.194087], [18.447269, -34.194052], [18.44724, -34.19401], [18.447185, -34.193955], [18.447172, -34.193932], [18.447179, -34.1939], [18.447192, -34.193883], [18.447241, -34.193844], [18.447279, -34.193818], [18.44733, -34.19378], [18.447377, -34.193757], [18.447422, -34.19375], [18.447462, -34.193747], [18.4475, -34.19375], [18.447535, -34.193756], [18.447551, -34.193776], [18.447562, -34.193793], [18.447582, -34.193809], [18.447614, -34.193818], [18.447717, -34.193839], [18.447816, -34.193864], [18.44787, -34.193878], [18.447927, -34.193892], [18.447972, -34.193899], [18.448129, -34.193913], [18.448273, -34.193936], [18.448348, -34.193966], [18.448464, -34.194023], [18.448545, -34.194104], [18.44858, -34.194203], [18.448589, -34.194263], [18.448582, -34.19437], [18.448577, -34.194485], [18.448593, -34.194638], [18.448596, -34.194716], [18.448611, -34.194777], [18.448652, -34.194861], [18.448686, -34.194919], [18.448704, -34.194967], [18.448698, -34.195018], [18.448814, -34.195015], [18.448903, -34.19501], [18.449001, -34.195005], [18.44929, -34.195016], [18.449427, -34.195036], [18.44954, -34.195065], [18.449702, -34.195244], [18.449795, -34.195278], [18.449896, -34.195271], [18.449963, -34.195262], [18.450034, -34.195279], [18.450319, -34.1954], [18.450363, -34.195415], [18.450414, -34.195396], [18.45046, -34.19533], [18.450482, -34.1953], [18.450533, -34.195285], [18.45058, -34.19529], [18.450629, -34.195326], [18.450659, -34.195366], [18.45069, -34.19546], [18.450781, -34.195481], [18.450813, -34.195498], [18.450835, -34.195522], [18.450854, -34.195633], [18.45086, -34.19575], [18.45084, -34.19578], [18.450776, -34.195805], [18.450711, -34.195835], [18.450663, -34.195859], [18.450604, -34.195926], [18.450523, -34.19606], [18.45049, -34.196211], [18.450527, -34.196372], [18.450585, -34.1965], [18.450676, -34.196602], [18.45071, -34.19664], [18.450748, -34.196686], [18.450759, -34.196702], [18.45079, -34.196748], [18.450813, -34.196781], [18.450859, -34.196846], [18.450867, -34.196857], [18.450946, -34.196961], [18.451058, -34.197094], [18.451196, -34.197247], [18.451265, -34.197339], [18.45128, -34.19746], [18.451301, -34.197559], [18.451429, -34.197739], [18.451513, -34.19782], [18.451761, -34.197996], [18.451814, -34.198036], [18.451825, -34.198012], [18.451892, -34.198039], [18.452001, -34.198063], [18.452125, -34.198068], [18.452169, -34.198071], [18.452224, -34.198058], [18.452285, -34.198027], [18.452333, -34.197999], [18.452418, -34.19795], [18.452456, -34.197881], [18.452506, -34.197809], [18.452624, -34.19772], [18.452695, -34.197658], [18.452711, -34.197612], [18.45282, -34.19732], [18.452875, -34.197257], [18.45298, -34.19721], [18.453062, -34.197213], [18.45313, -34.19724], [18.45321, -34.19734], [18.45323, -34.19735], [18.453335, -34.197386], [18.453376, -34.197493], [18.453575, -34.197555], [18.45361, -34.19762], [18.45376, -34.19781], [18.45397, -34.19782], [18.45399, -34.19782], [18.45409, -34.19786], [18.45416, -34.19805], [18.45404, -34.19811], [18.45382, -34.19808], [18.45373, -34.19813], [18.45408, -34.19822], [18.4542, -34.198279], [18.45422, -34.19829], [18.45456, -34.19861], [18.45442, -34.19875], [18.45447, -34.1988], [18.45462, -34.19883], [18.45479, -34.19898], [18.45476, -34.19904], [18.45467, -34.19911], [18.45481, -34.19919], [18.4549, -34.1993], [18.45519, -34.19936], [18.45525, -34.19939], [18.45533, -34.19944], [18.45526, -34.19952], [18.45551, -34.19958], [18.45553, -34.1996], [18.45585, -34.19992], [18.45619, -34.2001], [18.45627, -34.20029], [18.45602, -34.20033], [18.45593, -34.2004], [18.45592, -34.20066], [18.45607, -34.20074], [18.4561, -34.20075], [18.45629, -34.20087], [18.45617, -34.20104], [18.45616, -34.20106], [18.4561, -34.20121], [18.45625, -34.20144], [18.45626, -34.20146], [18.45667, -34.20168], [18.45669, -34.20169], [18.45716, -34.20185], [18.45727, -34.20193], [18.45737, -34.20208], [18.45714, -34.20221], [18.45712, -34.20222], [18.45692, -34.20228], [18.45693, -34.20251], [18.45701, -34.20272], [18.45732, -34.20279], [18.45743, -34.20292], [18.45721, -34.20319], [18.45676, -34.20335], [18.45677, -34.203732], [18.45677, -34.20375], [18.45699, -34.20412], [18.45701, -34.20413], [18.4575, -34.20426], [18.4579, -34.20457], [18.45802, -34.20468], [18.45816, -34.20488], [18.45804, -34.20503], [18.45804, -34.20517], [18.45831, -34.20535], [18.45805, -34.2057], [18.45806, -34.20572], [18.45808, -34.20597], [18.458189, -34.206071], [18.45822, -34.2061], [18.45823, -34.20612], [18.45845, -34.20629], [18.45851, -34.20646], [18.45852, -34.20648], [18.45858, -34.20666], [18.45876, -34.20683], [18.45883, -34.20704], [18.45925, -34.20729], [18.45943, -34.2076], [18.45963, -34.20783], [18.45979, -34.20782], [18.45982, -34.20781], [18.46002, -34.20778], [18.46031, -34.20788], [18.46079, -34.20806], [18.46081, -34.20807], [18.46107, -34.20821], [18.46126, -34.20816], [18.46128, -34.20816], [18.46143, -34.20826], [18.46141, -34.20852], [18.46154, -34.20895], [18.46175, -34.20936], [18.46193, -34.20961], [18.46208, -34.20966], [18.4621, -34.20967], [18.46226, -34.20984], [18.4623, -34.21004], [18.46232, -34.21048], [18.46242, -34.2109], [18.46243, -34.21092], [18.46265, -34.21131], [18.46272, -34.21143], [18.463017, -34.21175], [18.46296, -34.21204], [18.46282, -34.21216], [18.4628, -34.21217], [18.46281, -34.21259], [18.46279, -34.21274], [18.4629, -34.21283], [18.46292, -34.21284], [18.46332, -34.21308], [18.46337, -34.21324], [18.46333, -34.21345], [18.46342, -34.21365], [18.46359, -34.21386], [18.4636, -34.21405], [18.46363, -34.21424], [18.46383, -34.21443], [18.46405, -34.21482], [18.46387, -34.21505], [18.4639, -34.21522], [18.46405, -34.21529], [18.46438, -34.21537], [18.46479, -34.21587], [18.4649, -34.2161], [18.46511, -34.21619], [18.46533, -34.21637], [18.46531, -34.21654], [18.46514, -34.21666], [18.46508, -34.21691], [18.46511, -34.21735], [18.46518, -34.21778], [18.46543, -34.21816], [18.46543, -34.21887], [18.46563, -34.21932], [18.46573, -34.21955], [18.4657, -34.21988], [18.46576, -34.22001], [18.46553, -34.22087], [18.46551, -34.22135], [18.46554, -34.22198], [18.46571, -34.22251], [18.46595, -34.22278], [18.46645, -34.22305], [18.46674, -34.2233], [18.46694, -34.22361], [18.466998, -34.223863], [18.46703, -34.224], [18.46712, -34.22415], [18.46732, -34.22418], [18.46736, -34.22427], [18.46712, -34.22454], [18.46727, -34.22484], [18.4675, -34.22524], [18.46796, -34.22547], [18.4684, -34.22572], [18.46876, -34.22604], [18.46909, -34.22634], [18.46948, -34.22644], [18.46973, -34.22659], [18.46982, -34.22683], [18.46994, -34.22693], [18.46995, -34.22723], [18.47023, -34.2276], [18.47062, -34.22789], [18.47074, -34.22807], [18.47128, -34.22854], [18.47129, -34.22889], [18.47156, -34.22927], [18.47177, -34.2296], [18.47175, -34.22975], [18.47206, -34.23011], [18.47255, -34.23027], [18.47307, -34.23034], [18.47339, -34.23042], [18.47359, -34.23038], [18.47392, -34.23048], [18.47391, -34.23036], [18.47376, -34.23022], [18.4735, -34.2302], [18.47367, -34.23014], [18.47419, -34.23024], [18.47468, -34.23035], [18.47482, -34.23032], [18.47501, -34.23042], [18.47517, -34.23041], [18.47543, -34.23045], [18.47559, -34.23063], [18.47606, -34.23083], [18.47622, -34.23104], [18.4762, -34.23112], [18.47608, -34.2311], [18.47581, -34.23099], [18.47557, -34.23101], [18.47551, -34.23117], [18.47576, -34.23132], [18.47597, -34.23145], [18.476, -34.23167], [18.47614, -34.23194], [18.4763, -34.23201], [18.47677, -34.23244], [18.4771, -34.23253], [18.47716, -34.23267], [18.47722, -34.23283], [18.47701, -34.23303], [18.4768, -34.233], [18.47667, -34.23278], [18.47614, -34.2328], [18.4756, -34.23285], [18.47534, -34.23289], [18.47514, -34.23304], [18.475, -34.23346], [18.47477, -34.23385], [18.4748, -34.2343], [18.47517, -34.23491], [18.475169, -34.235], [18.475169, -34.235041], [18.475123, -34.235085], [18.47515, -34.235202], [18.475138, -34.235265], [18.475079, -34.235355], [18.474981, -34.235418], [18.474898, -34.235557], [18.47487, -34.23572], [18.47496, -34.23615], [18.47536, -34.23654], [18.47543, -34.23704], [18.47531, -34.23748], [18.47548, -34.23802], [18.47566, -34.23833], [18.476093, -34.23853], [18.476198, -34.238642], [18.476277, -34.238726], [18.476317, -34.238821], [18.476342, -34.238876], [18.47663, -34.23909], [18.47686, -34.23909], [18.47714, -34.23887], [18.47728, -34.23887], [18.47773, -34.23909], [18.47813, -34.23937], [18.4781, -34.23963], [18.47773, -34.23965], [18.47747, -34.23956], [18.47734, -34.23972], [18.47698, -34.23973], [18.47683, -34.23967], [18.47657, -34.23949], [18.4765, -34.23953], [18.47653, -34.23961], [18.47624, -34.23984], [18.47627, -34.23992], [18.47621, -34.24015], [18.47631, -34.24033], [18.47644, -34.24053], [18.47647, -34.24075], [18.47639, -34.24083], [18.47605, -34.24072], [18.47596, -34.24057], [18.47565, -34.24062], [18.47528, -34.24093], [18.47504, -34.24133], [18.47479, -34.24173], [18.47482, -34.24218], [18.4748, -34.24262], [18.47491, -34.24306], [18.47499, -34.2435], [18.47512, -34.24392], [18.47519, -34.24419], [18.47512, -34.24435], [18.47491, -34.24476], [18.47481, -34.24519], [18.47506, -34.24559], [18.475229, -34.246035], [18.475323, -34.246186], [18.475409, -34.246228], [18.475552, -34.24627], [18.47563, -34.24633], [18.475654, -34.246448], [18.475652, -34.246622], [18.47564, -34.24671], [18.475581, -34.246773], [18.47559, -34.24711], [18.47581, -34.24726], [18.47596, -34.24741], [18.47624, -34.24745], [18.47649, -34.24784], [18.47661, -34.24801], [18.476623, -34.248166], [18.47663, -34.24826], [18.47657, -34.2485], [18.47667, -34.24868], [18.47667, -34.24913], [18.47654, -34.24955], [18.47664, -34.24973], [18.47653, -34.24994], [18.47628, -34.25034], [18.47627, -34.25078], [18.47637, -34.25129], [18.47626, -34.25165], [18.47649, -34.25191], [18.47655, -34.25206], [18.47636, -34.25229], [18.47638, -34.25246], [18.47654, -34.25267], [18.47654, -34.25292], [18.47656, -34.25307], [18.47636, -34.25331], [18.47619, -34.25373], [18.47631, -34.25412], [18.4767, -34.25422], [18.47719, -34.2544], [18.47741, -34.2545], [18.47757, -34.25469], [18.47744, -34.2549], [18.47723, -34.25488], [18.47704, -34.2547], [18.47683, -34.25466], [18.47654, -34.25478], [18.47649, -34.25492], [18.47651, -34.25515], [18.47637, -34.25546], [18.47647, -34.25578], [18.47638, -34.25601], [18.47642, -34.25622], [18.4764, -34.2564], [18.47614, -34.25673], [18.4756, -34.25702], [18.47496, -34.25732], [18.47468, -34.25726], [18.47439, -34.25738], [18.47412, -34.25768], [18.473899, -34.258], [18.47385, -34.25807], [18.47369, -34.25824], [18.47353, -34.25869], [18.47323, -34.25884], [18.47297, -34.25908], [18.47255, -34.25936], [18.47253, -34.25958], [18.47262, -34.25979], [18.47267, -34.26], [18.47243, -34.26006], [18.4719, -34.26004], [18.47138, -34.26012], [18.47104, -34.26011], [18.47088, -34.2602], [18.47061, -34.26018], [18.47053, -34.26036], [18.47036, -34.26052], [18.4701, -34.26056], [18.46966, -34.26134], [18.46916, -34.26169], [18.46901, -34.26212], [18.46901, -34.26217], [18.46874, -34.26255], [18.46843, -34.26293], [18.46838, -34.26312], [18.46839, -34.26342], [18.46781, -34.2643], [18.46737, -34.26451], [18.46703, -34.26485], [18.46709, -34.26508], [18.46702, -34.26528], [18.46672, -34.26564], [18.46679, -34.26608], [18.46706, -34.26647], [18.46727, -34.26676], [18.46724, -34.26685], [18.46704, -34.26683], [18.46698, -34.26692], [18.46682, -34.2669], [18.46654, -34.26724], [18.4667, -34.26765], [18.46664, -34.26807], [18.46679, -34.26821], [18.46677, -34.26846], [18.46693, -34.26888], [18.46709, -34.26903], [18.46714, -34.26927], [18.46712, -34.26953], [18.46711, -34.26955], [18.46712, -34.26957], [18.46713, -34.26959], [18.46715, -34.2696], [18.46716, -34.26962], [18.46717, -34.26964], [18.46718, -34.26966], [18.46717, -34.26968], [18.46716, -34.2697], [18.46716, -34.26973], [18.46717, -34.26975], [18.46719, -34.26976], [18.4672, -34.26978], [18.46722, -34.26978], [18.46724, -34.26979], [18.46726, -34.26979], [18.46733, -34.26981], [18.46735, -34.26982], [18.46737, -34.26983], [18.46739, -34.26984], [18.46741, -34.26985], [18.46742, -34.26987], [18.46743, -34.26989], [18.46744, -34.26991], [18.46745, -34.26993], [18.46744, -34.26995], [18.46745, -34.26997], [18.46747, -34.26998], [18.46749, -34.26999], [18.46751, -34.26999], [18.46753, -34.26998], [18.46755, -34.26998], [18.46757, -34.26999], [18.46759, -34.26999], [18.4676, -34.27001], [18.46762, -34.27002], [18.46762, -34.27005], [18.46761, -34.27007], [18.4676, -34.27009], [18.46758, -34.2701], [18.46757, -34.27012], [18.46757, -34.27014], [18.46757, -34.27017], [18.46757, -34.27019], [18.46759, -34.2702], [18.4676, -34.27022], [18.46761, -34.27024], [18.46761, -34.27027], [18.46761, -34.2703], [18.4676, -34.27032], [18.46761, -34.27034], [18.46762, -34.27036], [18.46764, -34.27037], [18.46765, -34.27039], [18.46767, -34.2704], [18.46768, -34.27042], [18.4677, -34.27043], [18.46772, -34.27044], [18.46774, -34.27045], [18.46775, -34.27047], [18.46777, -34.27048], [18.46778, -34.2705], [18.46779, -34.27052], [18.4678, -34.27054], [18.4678, -34.27056], [18.4678, -34.27059], [18.46781, -34.27061], [18.46783, -34.27061], [18.46784, -34.27063], [18.46785, -34.27065], [18.46786, -34.27067], [18.46786, -34.2707], [18.46787, -34.27072], [18.46788, -34.27074], [18.46788, -34.27077], [18.46789, -34.27079], [18.46789, -34.27082], [18.46789, -34.27085], [18.46789, -34.27088], [18.46789, -34.27091], [18.4679, -34.27093], [18.46792, -34.27094], [18.46793, -34.27096], [18.46795, -34.27097], [18.46797, -34.27098], [18.46802, -34.27103], [18.46806, -34.27112], [18.46814, -34.27123], [18.46815, -34.27125], [18.46816, -34.27127], [18.46817, -34.27129], [18.46818, -34.27131], [18.46819, -34.27133], [18.46821, -34.27134], [18.46822, -34.27136], [18.46824, -34.27137], [18.46826, -34.27138], [18.46828, -34.2714], [18.4683, -34.27141], [18.46832, -34.27142], [18.46834, -34.27143], [18.46836, -34.27144], [18.46837, -34.27146], [18.4684, -34.27148], [18.46842, -34.27148], [18.46844, -34.2715], [18.46846, -34.27151], [18.46848, -34.27152], [18.46849, -34.27154], [18.46851, -34.27155], [18.46853, -34.27156], [18.46855, -34.27157], [18.46856, -34.27159], [18.46858, -34.27159], [18.46859, -34.27161], [18.46861, -34.27162], [18.46863, -34.27163], [18.46864, -34.27165], [18.46866, -34.27166], [18.46868, -34.27167], [18.46879, -34.27172], [18.46881, -34.27173], [18.46882, -34.27175], [18.46884, -34.27176], [18.46886, -34.27177], [18.46888, -34.27178], [18.46889, -34.2718], [18.46891, -34.27181], [18.46893, -34.27182], [18.46894, -34.27184], [18.46896, -34.27185], [18.46897, -34.27187], [18.46898, -34.27189], [18.469, -34.2719], [18.46901, -34.27192], [18.46902, -34.27194], [18.46903, -34.27203], [18.46905, -34.27204], [18.46907, -34.27206], [18.46909, -34.27207], [18.46911, -34.27207], [18.46927, -34.27208], [18.46929, -34.27209], [18.46931, -34.27209], [18.46933, -34.2721], [18.46935, -34.2721], [18.46937, -34.27211], [18.46939, -34.27211], [18.46941, -34.27212], [18.46943, -34.27213], [18.46945, -34.27215], [18.46947, -34.27216], [18.46948, -34.27218], [18.4695, -34.27219], [18.46951, -34.27221], [18.46958, -34.27223], [18.4696, -34.27224], [18.46962, -34.27225], [18.46964, -34.27226], [18.46965, -34.27228], [18.46966, -34.2723], [18.46967, -34.27232], [18.46968, -34.27234], [18.46968, -34.27236], [18.46992, -34.27255], [18.46994, -34.27256], [18.46997, -34.27256], [18.46999, -34.27257], [18.47001, -34.27257], [18.47003, -34.27258], [18.47005, -34.27258], [18.47008, -34.27258], [18.4701, -34.27258], [18.47013, -34.27258], [18.47016, -34.27258], [18.47018, -34.27259], [18.4702, -34.27258], [18.47022, -34.27258], [18.4704, -34.27262], [18.47078, -34.27285], [18.47143, -34.27366], [18.47188, -34.27399], [18.47305, -34.2747], [18.47428, -34.27513], [18.47466, -34.27542], [18.47485, -34.27576], [18.474846, -34.275817], [18.4748, -34.27657], [18.47499, -34.27824], [18.47493, -34.2786], [18.47439, -34.27897], [18.47404, -34.27919], [18.47386, -34.27942], [18.47373, -34.27974], [18.47368, -34.2802], [18.47351, -34.28042], [18.47334, -34.28051], [18.47326, -34.28067], [18.47316, -34.28103], [18.47317, -34.28143], [18.47274, -34.28223], [18.47245, -34.28248], [18.47198, -34.28265], [18.47179, -34.28284], [18.47174, -34.28309], [18.47183, -34.28343], [18.47172, -34.28402], [18.47152, -34.28438], [18.47113, -34.28481], [18.47067, -34.28494], [18.47044, -34.28532], [18.47053, -34.28548], [18.47049, -34.28564], [18.47014, -34.28626], [18.47015, -34.28673], [18.46997, -34.28697], [18.46992, -34.28724], [18.46978, -34.28733], [18.46978, -34.28746], [18.46977, -34.2876], [18.4696, -34.28767], [18.46935, -34.28748], [18.46915, -34.28739], [18.46889, -34.28748], [18.46882, -34.28773], [18.46865, -34.28785], [18.46855, -34.28795], [18.46856, -34.28825], [18.46883, -34.28897], [18.46873, -34.28923], [18.46885, -34.28946], [18.46871, -34.28959], [18.46839, -34.28949], [18.46823, -34.28954], [18.46817, -34.28965], [18.46823, -34.28993], [18.46812, -34.28999], [18.46796, -34.28996], [18.46785, -34.29004], [18.46783, -34.29026], [18.46814, -34.29065], [18.46824, -34.29088], [18.46819, -34.29104], [18.46802, -34.29111], [18.46773, -34.29108], [18.46748, -34.29118], [18.46715, -34.29152], [18.46674, -34.29179], [18.4668, -34.29223], [18.4665, -34.29257], [18.46634, -34.29277], [18.4664, -34.29296], [18.46669, -34.29336], [18.46673, -34.29366], [18.4666, -34.2942], [18.46653, -34.29429], [18.46666, -34.2946], [18.46677, -34.29517], [18.4668, -34.29544], [18.46694, -34.29556], [18.466982, -34.295733], [18.46707, -34.2961], [18.46716, -34.29612], [18.4672, -34.29632], [18.46718, -34.29711], [18.46731, -34.29755], [18.46721, -34.29798], [18.46686, -34.29831], [18.46668, -34.29837], [18.46658, -34.29863], [18.46637, -34.29903], [18.46627, -34.29915], [18.46629, -34.29943], [18.46608, -34.29957], [18.46599, -34.29978], [18.46583, -34.29993], [18.46585, -34.30017], [18.46577, -34.30047], [18.46565, -34.30054], [18.46564, -34.30098], [18.46581, -34.30139], [18.46576, -34.30153], [18.46543, -34.30161], [18.46518, -34.30167], [18.46501, -34.30185], [18.46481, -34.30211], [18.46467, -34.30216], [18.46425, -34.30242], [18.46387, -34.30273], [18.46379, -34.30293], [18.46385, -34.30316], [18.46381, -34.3036], [18.46393, -34.30403], [18.46406, -34.30426], [18.46401, -34.30445], [18.46387, -34.30457], [18.46379, -34.30483], [18.46344, -34.30516], [18.46351, -34.3056], [18.46344, -34.30579], [18.46323, -34.30596], [18.46312, -34.30619], [18.46293, -34.30625], [18.46288, -34.30634], [18.46292, -34.30652], [18.46281, -34.30676], [18.46275, -34.30721], [18.46285, -34.30765], [18.46296, -34.30807], [18.46297, -34.30818], [18.4631, -34.30828], [18.46289, -34.30839], [18.46277, -34.30859], [18.46255, -34.30872], [18.46224, -34.30908], [18.4618, -34.30941], [18.46157, -34.31], [18.46134, -34.31017], [18.461, -34.3102], [18.46079, -34.31032], [18.46069, -34.31052], [18.46089, -34.31139], [18.46101, -34.31182], [18.46139, -34.31211], [18.46143, -34.31242], [18.46154, -34.31251], [18.46182, -34.31288], [18.46225, -34.3131], [18.46246, -34.3133], [18.46281, -34.31339], [18.46326, -34.31362], [18.46346, -34.31378], [18.46353, -34.31398], [18.46391, -34.3143], [18.4642, -34.31454], [18.46429, -34.31479], [18.46498, -34.3152], [18.46516, -34.31539], [18.46514, -34.31557], [18.46499, -34.31573], [18.46457, -34.31594], [18.46422, -34.31593], [18.46375, -34.31606], [18.46369, -34.31613], [18.46376, -34.31622], [18.46373, -34.31636], [18.4631, -34.3169], [18.4628, -34.31694], [18.46206, -34.31685], [18.46153, -34.3169], [18.46116, -34.31702], [18.46096, -34.31729], [18.46071, -34.3178], [18.46072, -34.31812], [18.46067, -34.31857], [18.4607, -34.3192], [18.46078, -34.31945], [18.46098, -34.31945], [18.46116, -34.31933], [18.46138, -34.31962], [18.46175, -34.31993], [18.4618, -34.3201], [18.46172, -34.32035], [18.46198, -34.32047], [18.46191, -34.32061], [18.46181, -34.32076], [18.46148, -34.32078], [18.46118, -34.32075], [18.461175, -34.32084], [18.46117, -34.32093], [18.46142, -34.32104], [18.46145, -34.32117], [18.4616, -34.32127], [18.46154, -34.32145], [18.46178, -34.32152], [18.46209, -34.32188], [18.46251, -34.32214], [18.46314, -34.32231], [18.46327, -34.32228], [18.46338, -34.32244], [18.4635, -34.322511], [18.463729, -34.322703], [18.463868, -34.322846], [18.463943, -34.322961], [18.463949, -34.323127], [18.464014, -34.323273], [18.464101, -34.32334], [18.464228, -34.323413], [18.464375, -34.323423], [18.464554, -34.323437], [18.464757, -34.32356], [18.464891, -34.323658], [18.465042, -34.323756], [18.465092, -34.323807], [18.465101, -34.323864], [18.465081, -34.324028], [18.465176, -34.324234], [18.465302, -34.324453], [18.465477, -34.324721], [18.465689, -34.324919], [18.465761, -34.325044], [18.465828, -34.325135], [18.465846, -34.325189], [18.465874, -34.325323], [18.465968, -34.325442], [18.466048, -34.325658], [18.4661, -34.325827], [18.466162, -34.325989], [18.46653, -34.32635], [18.46675, -34.3265], [18.46679, -34.3267], [18.46697, -34.32693], [18.46697, -34.32716], [18.46726, -34.32752], [18.46756, -34.32806], [18.46769, -34.32887], [18.46757, -34.32906], [18.46772, -34.32924], [18.46758, -34.3295], [18.4678, -34.32995], [18.46766, -34.33011], [18.46777, -34.33028], [18.46758, -34.33024], [18.46758, -34.33034], [18.46776, -34.33049], [18.46752, -34.33054], [18.46727, -34.3306], [18.46725, -34.33081], [18.4674, -34.331], [18.46735, -34.33126], [18.46753, -34.33149], [18.46753, -34.33162], [18.46739, -34.3318], [18.46745, -34.33202], [18.46753, -34.33218], [18.46748, -34.33242], [18.46785, -34.33281], [18.46813, -34.33317], [18.46835, -34.33328], [18.46851, -34.33323], [18.46858, -34.33338], [18.46853, -34.33355], [18.46873, -34.33383], [18.46897, -34.33422], [18.4692, -34.33461], [18.46934, -34.33504], [18.46953, -34.33523], [18.46954, -34.33542], [18.46978, -34.33581], [18.47001, -34.33598], [18.46996, -34.33615], [18.46987, -34.3362], [18.46951, -34.33614], [18.46944, -34.33634], [18.4695, -34.33647], [18.4697, -34.33687], [18.46975, -34.33703], [18.46962, -34.33727], [18.46968, -34.33757], [18.46983, -34.33762], [18.4701, -34.33782], [18.47008, -34.33794], [18.4698, -34.33808], [18.47004, -34.33837], [18.47042, -34.33871], [18.47057, -34.33874], [18.47083, -34.33903], [18.47108, -34.33916], [18.47122, -34.33939], [18.47146, -34.33956], [18.47168, -34.3398], [18.47169, -34.34021], [18.47177, -34.34037], [18.47216, -34.34054], [18.47253, -34.34059], [18.47266, -34.34053], [18.47278, -34.34051], [18.47306, -34.34074], [18.47342, -34.3408], [18.4735, -34.34091], [18.47374, -34.34103], [18.47388, -34.34121], [18.47396, -34.3413], [18.47421, -34.34137], [18.47499, -34.34127], [18.47556, -34.34149], [18.47578, -34.34175], [18.47594, -34.34202], [18.47588, -34.34215], [18.47616, -34.34233], [18.47627, -34.34253], [18.47632, -34.34264], [18.47618, -34.34272], [18.47619, -34.3428], [18.47653, -34.34285], [18.47677, -34.34299], [18.47699, -34.34328], [18.47695, -34.34371], [18.47705, -34.3439], [18.47727, -34.34383], [18.47745, -34.34386], [18.47755, -34.34399], [18.47777, -34.34406], [18.47782, -34.3442], [18.47811, -34.34427], [18.47818, -34.3444], [18.47862, -34.34464], [18.47915, -34.34493], [18.47918, -34.3451], [18.47964, -34.34542], [18.48062, -34.3461], [18.48108, -34.3463], [18.48124, -34.34637], [18.4812, -34.34656], [18.48129, -34.34666], [18.4817, -34.34693], [18.48172, -34.34709], [18.48181, -34.34701], [18.48214, -34.34702], [18.48233, -34.3471], [18.48232, -34.34739], [18.48253, -34.34751], [18.48273, -34.34761], [18.48302, -34.34765], [18.48329, -34.34765], [18.48351, -34.34777], [18.48365, -34.34787], [18.484, -34.34787], [18.48467, -34.34808], [18.4848, -34.34812], [18.48515, -34.348], [18.48531, -34.34783], [18.48551, -34.34795], [18.48586, -34.3479], [18.48599, -34.3478], [18.48616, -34.34771], [18.48649, -34.3477], [18.48667, -34.34775], [18.48688, -34.34754], [18.48737, -34.34769], [18.48759, -34.34779], [18.48763, -34.34801], [18.4878, -34.34813], [18.48776, -34.34829], [18.48787, -34.3485], [18.48811, -34.34857], [18.48835, -34.34881], [18.48839, -34.34896], [18.48865, -34.34909], [18.48899, -34.34923], [18.48917, -34.34939], [18.48911, -34.34949], [18.48895, -34.34949], [18.48879, -34.34961], [18.48834, -34.34947], [18.48811, -34.34959], [18.48806, -34.34969], [18.48822, -34.34981], [18.48888, -34.35], [18.48938, -34.35017], [18.48986, -34.35032], [18.49001, -34.35041], [18.4901, -34.35064], [18.49023, -34.35068], [18.49047, -34.35067], [18.49042, -34.35088], [18.49059, -34.35094], [18.49092, -34.35088], [18.49128, -34.35109], [18.49124, -34.35121], [18.49102, -34.35136], [18.4907, -34.35155], [18.49084, -34.35166], [18.49117, -34.35164], [18.4913, -34.35176], [18.49182, -34.35187], [18.49231, -34.35212], [18.49242, -34.35226], [18.49224, -34.35239], [18.49191, -34.35246], [18.49196, -34.35261], [18.49228, -34.35257], [18.49239, -34.35267], [18.49246, -34.35274], [18.49287, -34.3528], [18.49348, -34.3529], [18.49397, -34.35322], [18.49479, -34.35355], [18.49535, -34.35404], [18.4959, -34.35419], [18.496, -34.35442], [18.49597, -34.3546], [18.49619, -34.35463], [18.49627, -34.35473], [18.49657, -34.35496], [18.49666, -34.35511], [18.49658, -34.3553], [18.49665, -34.3553], [18.49684, -34.35537], [18.49705, -34.35558], [18.49706, -34.35571], [18.49689, -34.35596], [18.49691, -34.35625], [18.4977, -34.35654], [18.497977, -34.356942], [18.497947, -34.357138], [18.497847, -34.35718], [18.497788, -34.357395], [18.497638, -34.357374], [18.497465, -34.357348], [18.497406, -34.357369], [18.497363, -34.357436], [18.497417, -34.357537], [18.49751, -34.35763], [18.497136, -34.357636], [18.496872, -34.357639], [18.496674, -34.357674], [18.49648, -34.35759], [18.49647, -34.35745], [18.49614, -34.35738], [18.49614, -34.35727], [18.49611, -34.35706], [18.49586, -34.35699], [18.49559, -34.35694], [18.4956, -34.35711], [18.49537, -34.35713], [18.49509, -34.35702], [18.49485, -34.3568], [18.49469, -34.35679], [18.49455, -34.35688], [18.49427, -34.35679], [18.49408, -34.35639], [18.49331, -34.35595], [18.49292, -34.35594], [18.49263, -34.35571], [18.4924, -34.35552], [18.49171, -34.3552], [18.49128, -34.35503], [18.49056, -34.35517], [18.48995, -34.35512], [18.48978, -34.355], [18.48947, -34.35501], [18.48919, -34.35511], [18.48896, -34.35509], [18.48845, -34.35495], [18.48819, -34.35474], [18.48804, -34.3547], [18.48786, -34.35466], [18.48754, -34.35442], [18.48719, -34.35437], [18.48686, -34.35448], [18.48646, -34.35484], [18.48643, -34.35509], [18.48623, -34.3552], [18.48576, -34.35508], [18.484127, -34.3545], [18.483907, -34.354462], [18.483652, -34.354455], [18.483322, -34.354473], [18.482862, -34.354524], [18.482622, -34.354554], [18.482336, -34.35459], [18.482103, -34.354635], [18.481862, -34.354682], [18.481591, -34.354754], [18.481282, -34.354832], [18.481034, -34.354912], [18.480733, -34.354985], [18.480429, -34.355066], [18.480246, -34.355133], [18.480152, -34.355183], [18.480043, -34.355261], [18.47996, -34.355358], [18.47981, -34.35636], [18.47957, -34.35665], [18.47945, -34.35671], [18.47905, -34.35676], [18.47866, -34.35688], [18.47858, -34.35692], [18.47817, -34.35697], [18.47776, -34.35691], [18.47768, -34.35688], [18.47752, -34.35693], [18.47745, -34.35713], [18.47729, -34.35742], [18.47717, -34.35748], [18.47678, -34.35761], [18.47637, -34.35765], [18.47627, -34.35769], [18.47597, -34.35796], [18.47588, -34.35829], [18.4758, -34.35834], [18.47541, -34.35818], [18.4753, -34.35812], [18.47498, -34.35791], [18.47425, -34.3577], [18.47374, -34.35783], [18.47322, -34.35786], [18.47286, -34.35793], [18.47256, -34.35821], [18.47236, -34.35833], [18.47209, -34.35826], [18.47193, -34.35811], [18.47188, -34.35787], [18.47195, -34.35761], [18.47213, -34.35761], [18.47238, -34.35767], [18.4726, -34.35753], [18.47282, -34.35738], [18.47272, -34.35722], [18.47236, -34.3569], [18.47232, -34.35678], [18.47221, -34.35654], [18.47261, -34.3561], [18.47266, -34.35592], [18.4725, -34.3557], [18.47257, -34.35551], [18.47237, -34.35536], [18.47257, -34.35497], [18.47254, -34.35455], [18.47225, -34.35418], [18.47218, -34.35409], [18.47181, -34.35399], [18.47169, -34.35389], [18.4716, -34.35361], [18.47142, -34.3532], [18.47116, -34.35281], [18.47036, -34.35208], [18.47007, -34.35192], [18.46975, -34.35201], [18.46927, -34.35176], [18.46932, -34.35163], [18.46951, -34.35154], [18.46946, -34.35124], [18.46897, -34.351], [18.46884, -34.35077], [18.46868, -34.35066], [18.46831, -34.35065], [18.4682, -34.35056], [18.46812, -34.3505], [18.46772, -34.35049], [18.46747, -34.35011], [18.46726, -34.34995], [18.46718, -34.34976], [18.46717, -34.34959], [18.46694, -34.34939], [18.46667, -34.34915], [18.46667, -34.34903], [18.4668, -34.3489], [18.46678, -34.34863], [18.46668, -34.34841], [18.46634, -34.34825], [18.46628, -34.34808], [18.4664, -34.34785], [18.46605, -34.34773], [18.46552, -34.34766], [18.46483, -34.34776], [18.46465, -34.34781], [18.4644, -34.34764], [18.46421, -34.34733], [18.46411, -34.3473], [18.46394, -34.34727], [18.4638, -34.34703], [18.46364, -34.3468], [18.46343, -34.34676], [18.46292, -34.34664], [18.4628, -34.34663], [18.46228, -34.34673], [18.46222, -34.34663], [18.46235, -34.34642], [18.46241, -34.3462], [18.46217, -34.34619], [18.46192, -34.3461], [18.46196, -34.34591], [18.46162, -34.34559], [18.46123, -34.34552], [18.46099, -34.34529], [18.46078, -34.34488], [18.46043, -34.34466], [18.46018, -34.34462], [18.46001, -34.34445], [18.45949, -34.3444], [18.45922, -34.34436], [18.45912, -34.34417], [18.45919, -34.34401], [18.45909, -34.34377], [18.45916, -34.34358], [18.45907, -34.34335], [18.45944, -34.34305], [18.45949, -34.34278], [18.45967, -34.34195], [18.45962, -34.34177], [18.45936, -34.34144], [18.45908, -34.34095], [18.45886, -34.34075], [18.45817, -34.34022], [18.45808, -34.33987], [18.45773, -34.33958], [18.45729, -34.33934], [18.45709, -34.33902], [18.457257, -34.338887], [18.456991, -34.338752], [18.456914, -34.338647], [18.456744, -34.338637], [18.456646, -34.338528], [18.45652, -34.33845], [18.4561, -34.33839], [18.45588, -34.33828], [18.45563, -34.33791], [18.45531, -34.33766], [18.45446, -34.33722], [18.45322, -34.33667], [18.45292, -34.33669], [18.45263, -34.33683], [18.45192, -34.33688], [18.45045, -34.33648], [18.4489, -34.33632], [18.44846, -34.33641], [18.44796, -34.33627], [18.4472, -34.33634], [18.44704, -34.33648], [18.44682, -34.33671], [18.44657, -34.33681], [18.44612, -34.33658], [18.44583, -34.33654], [18.44559, -34.3366], [18.44488, -34.33709], [18.44455, -34.33709], [18.44425, -34.33696], [18.4441, -34.33705], [18.44406, -34.33725], [18.44377, -34.3372], [18.4437, -34.33734], [18.44369, -34.33741], [18.44355, -34.33741], [18.44334, -34.33724], [18.44266, -34.33681], [18.44267, -34.33668], [18.44247, -34.33666], [18.44238, -34.33654], [18.44218, -34.3363], [18.44221, -34.33616], [18.44165, -34.33585], [18.4415, -34.33587], [18.44141, -34.33604], [18.4413, -34.336], [18.44096, -34.33593], [18.4409, -34.3358], [18.44082, -34.33554], [18.44065, -34.33545], [18.44012, -34.33538], [18.43965, -34.33557], [18.43915, -34.33546], [18.43869, -34.33523], [18.43854, -34.33519], [18.43833, -34.33493], [18.43799, -34.33458], [18.43758, -34.33414], [18.43729, -34.33384], [18.43711, -34.33375], [18.43654, -34.3336], [18.43598, -34.33359], [18.43562, -34.33335], [18.43518, -34.33311], [18.43473, -34.33277], [18.4344, -34.33266], [18.43402, -34.33268], [18.43349, -34.33291], [18.43323, -34.33288], [18.43302, -34.33276], [18.43287, -34.33256], [18.4326, -34.33245], [18.43248, -34.33228], [18.43231, -34.33186], [18.43208, -34.33167], [18.43157, -34.33156], [18.43093, -34.33126], [18.43063, -34.33123], [18.43044, -34.33112], [18.42992, -34.33113], [18.42956, -34.33114], [18.42944, -34.33124], [18.42867, -34.33141], [18.42828, -34.33124], [18.42752, -34.33078], [18.42739, -34.33052], [18.42717, -34.33027], [18.42719, -34.33014], [18.42717, -34.32996], [18.42665, -34.32955], [18.42618, -34.32935], [18.42609, -34.32923], [18.42575, -34.32922], [18.42564, -34.32901], [18.42541, -34.32893], [18.42489, -34.32882], [18.42446, -34.32856], [18.42446, -34.32842], [18.42428, -34.32816], [18.42392, -34.32803], [18.42394, -34.32792], [18.42391, -34.32779], [18.4236, -34.32762], [18.42349, -34.32755], [18.42346, -34.32739], [18.4233, -34.3273], [18.42303, -34.32718], [18.42269, -34.32724], [18.42246, -34.32687], [18.4223, -34.32683], [18.42195, -34.32689], [18.42169, -34.32675], [18.42159, -34.32658], [18.42154, -34.32639], [18.42134, -34.32621], [18.4211, -34.3261], [18.42129, -34.32576], [18.42147, -34.32536], [18.4215, -34.32518], [18.42166, -34.32509], [18.42163, -34.32491], [18.42165, -34.32482], [18.42183, -34.32479], [18.42197, -34.32451], [18.42201, -34.32434], [18.42183, -34.32397], [18.42134, -34.32335], [18.42132, -34.32334], [18.4213, -34.32333], [18.42128, -34.32333], [18.42125, -34.32333], [18.42122, -34.32333], [18.4212, -34.32333], [18.42118, -34.32334], [18.42116, -34.32336], [18.42123, -34.3237], [18.42113, -34.32378], [18.42098, -34.32376], [18.42051, -34.32337], [18.42017, -34.32285], [18.41972, -34.32264], [18.41899, -34.32267], [18.41877, -34.32262], [18.41827, -34.32246], [18.41812, -34.32241], [18.41811, -34.32225], [18.41795, -34.32222], [18.41774, -34.32215], [18.41746, -34.32218], [18.4173, -34.32208], [18.4167, -34.32188], [18.41629, -34.32159], [18.41604, -34.32141], [18.41593, -34.32157], [18.41546, -34.32137], [18.41525, -34.32131], [18.41505, -34.32111], [18.41498, -34.3209], [18.41516, -34.32079], [18.41526, -34.32064], [18.41521, -34.32037], [18.41515, -34.32018], [18.41521, -34.31995], [18.41535, -34.31972], [18.41505, -34.31943], [18.41507, -34.31903], [18.41516, -34.31897], [18.41569, -34.31896], [18.41626, -34.31867], [18.41642, -34.31807], [18.41627, -34.31791], [18.41593, -34.31781], [18.41557, -34.31783], [18.41543, -34.31775], [18.41514, -34.31739], [18.41514, -34.31718], [18.41496, -34.31701], [18.41473, -34.3169], [18.41479, -34.31665], [18.41464, -34.31656], [18.41424, -34.31664], [18.41371, -34.31661], [18.4132, -34.31648], [18.41258, -34.31624], [18.41225, -34.31589], [18.41187, -34.31558], [18.41167, -34.31551], [18.41147, -34.31531], [18.4113, -34.31527], [18.41107, -34.31507], [18.41057, -34.31509], [18.41025, -34.31503], [18.41013, -34.3149], [18.40969, -34.31465], [18.40943, -34.31431], [18.40895, -34.31431], [18.40884, -34.31423], [18.40884, -34.31413], [18.40862, -34.31408], [18.40868, -34.31396], [18.40871, -34.31385], [18.40862, -34.3138], [18.40834, -34.31406], [18.40822, -34.31405], [18.40817, -34.31397], [18.40824, -34.31373], [18.4081, -34.31357], [18.40791, -34.31347], [18.40783, -34.31323], [18.40744, -34.31294], [18.40707, -34.31292], [18.40699, -34.31262], [18.40696, -34.31253], [18.40665, -34.31233], [18.40646, -34.31217], [18.40642, -34.31197], [18.40624, -34.31158], [18.40607, -34.31143], [18.40613, -34.31121], [18.40599, -34.31106], [18.40563, -34.31117], [18.40545, -34.31114], [18.40535, -34.31101], [18.40538, -34.31082], [18.40512, -34.31063], [18.40481, -34.31064], [18.40466, -34.31053], [18.4044, -34.31048], [18.40435, -34.31027], [18.40427, -34.31021], [18.40395, -34.30999], [18.40394, -34.30991], [18.40392, -34.30973], [18.40373, -34.30969], [18.40367, -34.30977], [18.40377, -34.30991], [18.40369, -34.31006], [18.40359, -34.31009], [18.40329, -34.30985], [18.4031, -34.30986], [18.40291, -34.30988], [18.40271, -34.30978], [18.4026, -34.30976], [18.4022, -34.30965], [18.40211, -34.3096], [18.40185, -34.30933], [18.40167, -34.30923], [18.40147, -34.30904], [18.40134, -34.30902], [18.40125, -34.30902], [18.40108, -34.30871], [18.40098, -34.30869], [18.40101, -34.30852], [18.40086, -34.30844], [18.40076, -34.30847], [18.40059, -34.30844], [18.40067, -34.30829], [18.40073, -34.30822], [18.40066, -34.30813], [18.40052, -34.30816], [18.40046, -34.30806], [18.40038, -34.30799], [18.40025, -34.30786], [18.40037, -34.30773], [18.40058, -34.30776], [18.4006, -34.30777], [18.40062, -34.30778], [18.40064, -34.30778], [18.40066, -34.30779], [18.40068, -34.30779], [18.40071, -34.30779], [18.40073, -34.30779], [18.40076, -34.30779], [18.40078, -34.30778], [18.4008, -34.30778], [18.40083, -34.30778], [18.40085, -34.30778], [18.40088, -34.30778], [18.40105, -34.30778], [18.40115, -34.30771], [18.40156, -34.30769], [18.40153, -34.30753], [18.40163, -34.30744], [18.40182, -34.3073], [18.40194, -34.30736], [18.40218, -34.30739], [18.40234, -34.30727], [18.40255, -34.30724], [18.40261, -34.30717], [18.40276, -34.30727], [18.40294, -34.30721], [18.40324, -34.30724], [18.40336, -34.30718], [18.40371, -34.30697], [18.404, -34.30675], [18.404169, -34.30655], [18.4047, -34.30592], [18.405, -34.30484], [18.40501, -34.30422], [18.40488, -34.30341], [18.40473, -34.30303], [18.4045, -34.30273], [18.40397, -34.30232], [18.40389, -34.30179], [18.40353, -34.30146], [18.40349, -34.30126], [18.40375, -34.30076], [18.40384, -34.30064], [18.40377, -34.30042], [18.40315, -34.29986], [18.40271, -34.29908], [18.40205, -34.29844], [18.40144, -34.29724], [18.40109, -34.2965], [18.40082, -34.29621], [18.400678, -34.295595], [18.40052, -34.29491], [18.40015, -34.29442], [18.39987, -34.29381], [18.399619, -34.293535], [18.39956, -34.29347], [18.39929, -34.29316], [18.39915, -34.29284], [18.39898, -34.29263], [18.39847, -34.29249], [18.39816, -34.2923], [18.39808, -34.29206], [18.39818, -34.29156], [18.39796, -34.29116], [18.39759, -34.29083], [18.3973, -34.29046], [18.39694, -34.29013], [18.39674, -34.28973], [18.39691, -34.28952], [18.39692, -34.28933], [18.39697, -34.28916], [18.397, -34.2888], [18.39681, -34.28843], [18.39466, -34.28645], [18.39426, -34.28614], [18.39402, -34.28606], [18.39348, -34.28608], [18.39293, -34.28604], [18.39287, -34.28617], [18.39277, -34.28621], [18.39242, -34.28605], [18.39233, -34.286], [18.39232, -34.28574], [18.39221, -34.28555], [18.39201, -34.28513], [18.39187, -34.28495], [18.39196, -34.28486], [18.39189, -34.28479], [18.39171, -34.28467], [18.39174, -34.28443], [18.392, -34.28426], [18.39211, -34.28382], [18.39203, -34.28337], [18.39185, -34.28322], [18.39132, -34.28299], [18.3911, -34.28303], [18.3908, -34.28289], [18.39035, -34.28265], [18.39011, -34.2824], [18.38996, -34.28238], [18.38984, -34.28227], [18.38994, -34.28212], [18.38991, -34.28202], [18.38987, -34.2819], [18.38999, -34.28178], [18.38996, -34.28165], [18.38997, -34.28121], [18.38984, -34.28078], [18.38968, -34.28055], [18.38996, -34.28031], [18.39029, -34.27979], [18.39027, -34.27947], [18.38995, -34.27942], [18.38994, -34.27916], [18.38978, -34.27899], [18.38941, -34.27866], [18.3893, -34.27855], [18.3893, -34.27842], [18.38916, -34.27834], [18.38897, -34.27811], [18.38906, -34.278], [18.38927, -34.27712], [18.38881, -34.2766], [18.38835, -34.27633], [18.3876, -34.27613], [18.38688, -34.27609], [18.38669, -34.27626], [18.38673, -34.27645], [18.38658, -34.27654], [18.38623, -34.27648], [18.38609, -34.27638], [18.38583, -34.276], [18.3856, -34.2756], [18.38505, -34.27537], [18.38444, -34.27564], [18.38416, -34.27562], [18.38393, -34.27546], [18.38382, -34.2755], [18.38392, -34.27568], [18.38374, -34.27569], [18.38335, -34.27542], [18.38325, -34.27512], [18.38316, -34.27509], [18.38312, -34.27518], [18.38304, -34.27518], [18.38293, -34.27504], [18.38285, -34.27513], [18.38272, -34.27504], [18.38241, -34.27493], [18.38229, -34.27481], [18.38206, -34.27457], [18.38192, -34.27453], [18.3816, -34.27413], [18.38147, -34.27408], [18.38097, -34.27392], [18.38084, -34.27393], [18.38054, -34.27371], [18.38038, -34.27362], [18.38023, -34.27331], [18.38, -34.27329], [18.38008, -34.27347], [18.37997, -34.27351], [18.37991, -34.27355], [18.38005, -34.27363], [18.37983, -34.27366], [18.37946, -34.27298], [18.3794, -34.27256], [18.37945, -34.27226], [18.37958, -34.27217], [18.37982, -34.27213], [18.37983, -34.27203], [18.37956, -34.27173], [18.37928, -34.27129], [18.37922, -34.27107], [18.37935, -34.27108], [18.37948, -34.2709], [18.37952, -34.27064], [18.37968, -34.2707], [18.37977, -34.27063], [18.37971, -34.27045], [18.38001, -34.27042], [18.38052, -34.27039], [18.38077, -34.27043], [18.38126, -34.27025], [18.38165, -34.26989], [18.38176, -34.26961], [18.38156, -34.26932], [18.38157, -34.26914], [18.38191, -34.268866], [18.382292, -34.268632], [18.382872, -34.268194], [18.383402, -34.267619], [18.383531, -34.267074], [18.383519, -34.266509], [18.383617, -34.265872], [18.38366, -34.26538], [18.38342, -34.26495], [18.38328, -34.26488], [18.38305, -34.26483], [18.38299, -34.26455], [18.38287, -34.26446], [18.38249, -34.26439], [18.38235, -34.26405], [18.3822, -34.26391], [18.38186, -34.26379], [18.38168, -34.26358], [18.3812, -34.26338], [18.38115, -34.2631], [18.38102, -34.26299], [18.38089, -34.26287], [18.38081, -34.26259], [18.38064, -34.26206], [18.38069, -34.26185], [18.38033, -34.26155], [18.3805, -34.26133], [18.38057, -34.26113], [18.38045, -34.26092], [18.38051, -34.26051], [18.38057, -34.26037], [18.3804, -34.26013], [18.38054, -34.25992], [18.38024, -34.25952], [18.38022, -34.2591], [18.38046, -34.25873], [18.38087, -34.25852], [18.3809, -34.25851], [18.38098, -34.25846], [18.38118, -34.2585], [18.38163, -34.25835], [18.38211, -34.25832], [18.38224, -34.25818], [18.382672, -34.257734], [18.38273, -34.25735], [18.38264, -34.25708], [18.38243, -34.25686], [18.38247, -34.25676], [18.38256, -34.25647], [18.38276, -34.25628], [18.38253, -34.25588], [18.38213, -34.25557], [18.38207, -34.25537], [18.38214, -34.25509], [18.38202, -34.25485], [18.38119, -34.25451], [18.3807, -34.25417], [18.37986, -34.25378], [18.37832, -34.25335], [18.37825, -34.25318], [18.37855, -34.25294], [18.37855, -34.2526], [18.37835, -34.2524], [18.37824, -34.25222], [18.37829, -34.25212], [18.37876, -34.25211], [18.37938, -34.25225], [18.380163, -34.252232], [18.380528, -34.252063], [18.380667, -34.251886], [18.380785, -34.251646], [18.380828, -34.251301], [18.38062, -34.25079], [18.380614, -34.250485], [18.380528, -34.250103], [18.380195, -34.249837], [18.380378, -34.249403], [18.38041, -34.248649], [18.379412, -34.246352], [18.379037, -34.245651], [18.377728, -34.243815], [18.376655, -34.243177], [18.375947, -34.242299], [18.376118, -34.242113], [18.376011, -34.241536], [18.375818, -34.241359], [18.375764, -34.240836], [18.375807, -34.239691], [18.376097, -34.239204], [18.376826, -34.237704], [18.376923, -34.237288], [18.376945, -34.236747], [18.376837, -34.236241], [18.377052, -34.23578], [18.377223, -34.234946], [18.377288, -34.234245], [18.377427, -34.233456], [18.377395, -34.232427], [18.377534, -34.231363], [18.37761, -34.22816], [18.377105, -34.226918], [18.377073, -34.226005], [18.37676, -34.22464], [18.37659, -34.22452], [18.37643, -34.22423], [18.3762, -34.22408], [18.37612, -34.22372], [18.37592, -34.22331], [18.37577, -34.22298], [18.37555, -34.22276], [18.37551, -34.22259], [18.37569, -34.22238], [18.37548, -34.22197], [18.3754, -34.22153], [18.37546, -34.22129], [18.37538, -34.22106], [18.37483, -34.22053], [18.37472, -34.22011], [18.37462, -34.21998], [18.37454, -34.21928], [18.37395, -34.21856], [18.3738, -34.2181], [18.37357, -34.21767], [18.37271, -34.21679], [18.37247, -34.21635], [18.37246, -34.21608], [18.37284, -34.21494], [18.37275, -34.21455], [18.37257, -34.21428], [18.37212, -34.21331], [18.37205, -34.21265], [18.3714, -34.21205], [18.37108, -34.21187], [18.37102, -34.21156], [18.37097, -34.21135], [18.37074, -34.21121], [18.37056, -34.2108], [18.37042, -34.21036], [18.37035, -34.20993], [18.37024, -34.2095], [18.37017, -34.20923], [18.37022, -34.20907], [18.37012, -34.20865], [18.3703, -34.20832], [18.37028, -34.20817], [18.37014, -34.208], [18.37019, -34.20777], [18.37025, -34.2074], [18.37047, -34.2068], [18.37014, -34.20606], [18.36992, -34.20499], [18.3699, -34.204971], [18.36976, -34.20484], [18.36968, -34.2046], [18.3695, -34.20368], [18.36952, -34.20349], [18.36977, -34.20312], [18.37021, -34.2029], [18.370893, -34.202706], [18.371181, -34.202474], [18.371365, -34.202327], [18.371637, -34.202068], [18.371877, -34.201688], [18.371958, -34.201002], [18.371906, -34.200366], [18.37191, -34.20004], [18.37197, -34.19978], [18.37198, -34.19956], [18.37161, -34.19926], [18.37156, -34.19907], [18.37139, -34.19887], [18.37127, -34.19847], [18.371, -34.19831], [18.37088, -34.19821], [18.37082, -34.19791], [18.37091, -34.19761], [18.37086, -34.1975], [18.37044, -34.19734], [18.37032, -34.19715], [18.37019, -34.19672], [18.37046, -34.19611], [18.37044, -34.19594], [18.3702, -34.19557], [18.36978, -34.19524], [18.3696, -34.19497], [18.36945, -34.19435], [18.36918, -34.19401], [18.36909, -34.19385], [18.3691, -34.19358], [18.36895, -34.19315], [18.36852, -34.19289], [18.36818, -34.19256], [18.36802, -34.19235], [18.36781, -34.19226], [18.36738, -34.19147], [18.36727, -34.19102], [18.36695, -34.19068], [18.36665, -34.19028], [18.366583, -34.190072], [18.36645, -34.18966], [18.36602, -34.18891], [18.36526, -34.18774], [18.36489, -34.18745], [18.364754, -34.187343], [18.36442, -34.18708], [18.36428, -34.18659], [18.36422, -34.18637], [18.364184, -34.186314], [18.36325, -34.18486], [18.36284, -34.18437], [18.36238, -34.18408], [18.36159, -34.18368], [18.35991, -34.18276], [18.359513, -34.182602], [18.359267, -34.182505], [18.35918, -34.18247], [18.35852, -34.18153], [18.358422, -34.18144], [18.35828, -34.18131], [18.35826, -34.18117], [18.358337, -34.181008], [18.35837, -34.18094], [18.35783, -34.18048], [18.35699, -34.18015], [18.35638, -34.17985], [18.35559, -34.1789], [18.35529, -34.17877], [18.35488, -34.17872], [18.35418, -34.17822], [18.35382, -34.17802], [18.353439, -34.177617], [18.353109, -34.177468], [18.352782, -34.177379], [18.35183, -34.177188], [18.350006, -34.176893], [18.348349, -34.176838], [18.346744, -34.176762], [18.3465, -34.176813], [18.346173, -34.176884], [18.345953, -34.176971], [18.34583, -34.177037], [18.345722, -34.177153], [18.345682, -34.17735], [18.345454, -34.177639], [18.345146, -34.177861], [18.3448, -34.178007], [18.344746, -34.178029], [18.344201, -34.17822], [18.343974, -34.178305], [18.343743, -34.178458], [18.343652, -34.178602], [18.343676, -34.178877], [18.3438, -34.17897], [18.34396, -34.17902], [18.34379, -34.17962], [18.34342, -34.17968], [18.34317, -34.17948], [18.34305, -34.17934], [18.34263, -34.17914], [18.34262, -34.179], [18.34282, -34.17875], [18.34272, -34.17864], [18.3425, -34.17865], [18.3424, -34.17893], [18.34211, -34.17914], [18.34195, -34.17916], [18.34175, -34.17902], [18.34163, -34.17835], [18.34128, -34.17803], [18.34086, -34.17775], [18.34014, -34.17745], [18.33973, -34.17748], [18.3393, -34.17781], [18.33869, -34.17745], [18.33853, -34.17692], [18.33833, -34.17686], [18.33811, -34.17697], [18.33796, -34.17685], [18.33803, -34.17652], [18.33816, -34.17636], [18.33812, -34.17611], [18.33727, -34.1753], [18.33722, -34.17512], [18.33699, -34.17472], [18.33686, -34.17429], [18.33684, -34.17414], [18.33699, -34.1739], [18.3365, -34.17375], [18.33605, -34.17351], [18.3358, -34.17339], [18.33575, -34.17325], [18.33614, -34.17295], [18.33623, -34.17279], [18.33613, -34.17248], [18.33617, -34.17238], [18.33616, -34.17226], [18.33585, -34.17205], [18.3356, -34.17167], [18.33516, -34.17142], [18.33491, -34.17101], [18.33464, -34.1709], [18.33439, -34.17085], [18.3342, -34.17067], [18.33392, -34.17042], [18.33346, -34.16976], [18.33343, -34.16954], [18.33356, -34.16908], [18.33336, -34.16885], [18.33334, -34.16869], [18.33333, -34.1685], [18.33321, -34.16837], [18.33247, -34.16805], [18.33232, -34.1677], [18.33248, -34.16721], [18.3325, -34.16675], [18.33209, -34.1657], [18.33158, -34.16488], [18.33108, -34.16465], [18.33076, -34.16428], [18.33043, -34.16406], [18.33029, -34.16395], [18.33021, -34.16356], [18.32994, -34.16332], [18.32946, -34.16228], [18.32917, -34.162], [18.32867, -34.16143], [18.32853, -34.16111], [18.32852, -34.16082], [18.32828, -34.16042], [18.32835, -34.16001], [18.32828, -34.15964], [18.3276, -34.15846], [18.32726, -34.15798], [18.32675, -34.15771], [18.32633, -34.15734], [18.32537, -34.15687], [18.32495, -34.15676], [18.32467, -34.15675], [18.32452, -34.15703], [18.32426, -34.15713], [18.32402, -34.15704], [18.32383, -34.15679], [18.32352, -34.15672], [18.3233, -34.15655], [18.32334, -34.15639], [18.32327, -34.15629], [18.32307, -34.15635], [18.32301, -34.15624], [18.32275, -34.15587], [18.32282, -34.15555], [18.32268, -34.15517], [18.32266, -34.15471], [18.322442, -34.154478], [18.322401, -34.154433], [18.322333, -34.154364], [18.322301, -34.154331], [18.322273, -34.154307], [18.322254, -34.154295], [18.322236, -34.154283], [18.322221, -34.154272], [18.322212, -34.154262], [18.322204, -34.154253], [18.322196, -34.154243], [18.322171, -34.154216], [18.322144, -34.154188], [18.322132, -34.154175], [18.322121, -34.15416], [18.322099, -34.154134], [18.322093, -34.154126], [18.322091, -34.154116], [18.322096, -34.154097], [18.322104, -34.15407], [18.322111, -34.154046], [18.322115, -34.15403], [18.322112, -34.153999], [18.322102, -34.153986], [18.32209, -34.15397], [18.32181, -34.15367], [18.32189, -34.15342], [18.32185, -34.15323], [18.32155, -34.15285], [18.32108, -34.15223], [18.32043, -34.15189], [18.32041, -34.1517], [18.32061, -34.15149], [18.32066, -34.15083], [18.32052, -34.15062], [18.32011, -34.15035], [18.320091, -34.150331], [18.31958, -34.14982], [18.31933, -34.14952], [18.319096, -34.149014], [18.31883, -34.14839], [18.318763, -34.148109], [18.31856, -34.1472], [18.31833, -34.14591], [18.31838, -34.14557], [18.318522, -34.145281], [18.31862, -34.14508], [18.318942, -34.144767], [18.318974, -34.144734], [18.319061, -34.144672], [18.319128, -34.144638], [18.319281, -34.144558], [18.319457, -34.144485], [18.319817, -34.144361], [18.32002, -34.144294], [18.320291, -34.144174], [18.320539, -34.144005], [18.32094, -34.143735], [18.32127, -34.143505], [18.321503, -34.14335], [18.321651, -34.14328], [18.321817, -34.143217], [18.322025, -34.143135], [18.322223, -34.14307], [18.322407, -34.143007], [18.322541, -34.142927], [18.322625, -34.142887], [18.322668, -34.142853], [18.322703, -34.142808], [18.322738, -34.14275], [18.322757, -34.142731], [18.322783, -34.14272], [18.322871, -34.142688], [18.322911, -34.142653], [18.322932, -34.14262], [18.322999, -34.142527], [18.32294, -34.142492], [18.322887, -34.142399], [18.322943, -34.14217], [18.323487, -34.141951], [18.32349, -34.141658], [18.323157, -34.141251], [18.323108, -34.141249], [18.32302, -34.141185], [18.322894, -34.141078], [18.322747, -34.141025], [18.322498, -34.140988], [18.322316, -34.140967], [18.322148, -34.140999], [18.321928, -34.141075], [18.321735, -34.141162], [18.321518, -34.141231], [18.321227, -34.141321], [18.321073, -34.141309], [18.320972, -34.141251], [18.320909, -34.141167], [18.320884, -34.141069], [18.320874, -34.140944], [18.320895, -34.140791], [18.321007, -34.14068], [18.321087, -34.140599], [18.321234, -34.140533], [18.321462, -34.140489], [18.321623, -34.140489], [18.32177, -34.140446], [18.321907, -34.140338], [18.321973, -34.140231], [18.32204, -34.140112], [18.322084, -34.140051], [18.322124, -34.140005], [18.322239, -34.139915], [18.322344, -34.139851], [18.322411, -34.13975], [18.322397, -34.139664], [18.322338, -34.139592], [18.321992, -34.139341], [18.321882, -34.139151], [18.322113, -34.138691], [18.322338, -34.138492], [18.322583, -34.138169], [18.3243, -34.13732], [18.32458, -34.13708], [18.32488, -34.13687], [18.32523, -34.13676], [18.326898, -34.136682], [18.327347, -34.136735], [18.327746, -34.136876], [18.328337, -34.136846], [18.329063, -34.136716], [18.329818, -34.136535], [18.330704, -34.136178], [18.331596, -34.135743], [18.33274, -34.13512], [18.333656, -34.134375], [18.334308, -34.133506], [18.33482, -34.132743], [18.334978, -34.132251], [18.335078, -34.131964], [18.33516, -34.13169], [18.335339, -34.131442], [18.335645, -34.131276], [18.3359, -34.130969], [18.336197, -34.130598], [18.336607, -34.130167], [18.336845, -34.129796], [18.337272, -34.129517], [18.337713, -34.12921], [18.338091, -34.128578], [18.338323, -34.1279], [18.338309, -34.127482], [18.338351, -34.127187], [18.338519, -34.12699], [18.338974, -34.126891], [18.339359, -34.126798], [18.3398, -34.126862], [18.340214, -34.126891], [18.340522, -34.126821], [18.341202, -34.126937], [18.341684, -34.127129], [18.341911, -34.127266], [18.342035, -34.127361], [18.342464, -34.127565], [18.342624, -34.127575], [18.342781, -34.12756], [18.343013, -34.127479], [18.343477, -34.127353], [18.343935, -34.127244], [18.344263, -34.127115], [18.344578, -34.126952], [18.344881, -34.126778], [18.345131, -34.126628], [18.345258, -34.126493], [18.345371, -34.126247], [18.345521, -34.125996], [18.345674, -34.125869], [18.345915, -34.125723], [18.346133, -34.125556], [18.346328, -34.125319], [18.346514, -34.125001], [18.346688, -34.124739], [18.346961, -34.124375], [18.347106, -34.124138], [18.347248, -34.123967], [18.347494, -34.123744], [18.3477, -34.123598], [18.347868, -34.123416], [18.347963, -34.123194], [18.348018, -34.122956], [18.348112, -34.122722], [18.348226, -34.12259], [18.34867, -34.122155], [18.348879, -34.121899], [18.348992, -34.121597], [18.349003, -34.121313], [18.348976, -34.121071], [18.349, -34.120896], [18.349097, -34.12074], [18.349391, -34.120452], [18.349622, -34.12003], [18.349778, -34.119521], [18.35, -34.119053], [18.350349, -34.118575], [18.350609, -34.118247], [18.350776, -34.117902], [18.350805, -34.117525], [18.350794, -34.117139], [18.350945, -34.116779], [18.351234, -34.116286], [18.35146, -34.115877], [18.35169, -34.115558], [18.351808, -34.115171], [18.351867, -34.114625], [18.351787, -34.114207], [18.351647, -34.113799], [18.351637, -34.113572], [18.351797, -34.113332], [18.352114, -34.112906], [18.35228, -34.112515], [18.352355, -34.111916], [18.35228, -34.111489], [18.352146, -34.111001], [18.352184, -34.110752], [18.352345, -34.110517], [18.352613, -34.110201], [18.352768, -34.109957], [18.352817, -34.109628], [18.352728, -34.109224], [18.352717, -34.108907], [18.35287, -34.108482], [18.352947, -34.108047], [18.352903, -34.107513], [18.352886, -34.10697], [18.352854, -34.106657], [18.352859, -34.106421], [18.352952, -34.106223], [18.353141, -34.105854], [18.353265, -34.105617], [18.353304, -34.105463], [18.353318, -34.10525], [18.353304, -34.104961], [18.353283, -34.104681], [18.353244, -34.104321], [18.353206, -34.104056], [18.353224, -34.103769], [18.35331, -34.103441], [18.353348, -34.103041], [18.353305, -34.102728], [18.3532, -34.102421], [18.353085, -34.102099], [18.352947, -34.101453], [18.352779, -34.100653], [18.352678, -34.099977], [18.352666, -34.099353], [18.352683, -34.098818], [18.352752, -34.098257], [18.352762, -34.098043], [18.352718, -34.097802], [18.352665, -34.097494], [18.352655, -34.097292], [18.352683, -34.09703], [18.352674, -34.096841], [18.352649, -34.096708], [18.352619, -34.096588], [18.352598, -34.096466], [18.35276, -34.09606], [18.3529, -34.09566], [18.35287, -34.09529], [18.35272, -34.09492], [18.35189, -34.09431], [18.35142, -34.09357], [18.3511, -34.09326], [18.3507, -34.09297], [18.35041, -34.0926], [18.35011, -34.0918], [18.34979, -34.09161], [18.34981, -34.09148], [18.34995, -34.09143], [18.35003, -34.09128], [18.34995, -34.09102], [18.34969, -34.09095], [18.34972, -34.09076], [18.35, -34.09064], [18.35021, -34.09066], [18.35049, -34.09051], [18.35058, -34.09037], [18.35045, -34.09002], [18.35064, -34.08989], [18.35091, -34.08995], [18.35113, -34.08985], [18.35156, -34.08975], [18.35171, -34.0898], [18.35181, -34.08973], [18.35175, -34.0896], [18.35136, -34.0895], [18.35133, -34.08935], [18.35175, -34.08906], [18.35263, -34.08871], [18.35335, -34.08858], [18.3543, -34.08826], [18.35462, -34.0879], [18.35522, -34.08716], [18.35519, -34.08704], [18.35506, -34.08693], [18.35458, -34.08676], [18.35414, -34.08634], [18.35362, -34.0862], [18.35351, -34.08611], [18.35343, -34.08581], [18.35318, -34.0856], [18.35318, -34.08541], [18.35404, -34.08489], [18.35428, -34.08423], [18.35461, -34.08395], [18.35507, -34.08354], [18.35529, -34.08312], [18.35538, -34.08242], [18.35524, -34.08158], [18.35541, -34.08115], [18.35563, -34.08095], [18.35583, -34.08058], [18.3559, -34.07983], [18.35583, -34.07958], [18.35567, -34.07942], [18.3554, -34.0792], [18.35508, -34.07915], [18.35499, -34.079], [18.35513, -34.07885], [18.3554, -34.0789], [18.3555, -34.07884], [18.35555, -34.0778], [18.35531, -34.07741], [18.35516, -34.07701], [18.35523, -34.07676], [18.35541, -34.07667], [18.35555, -34.07669], [18.35587, -34.0765], [18.35614, -34.07651], [18.35634, -34.07626], [18.35662, -34.07618], [18.3571, -34.07623], [18.35704, -34.07571], [18.35701, -34.07557], [18.35728, -34.07549], [18.35759, -34.07558], [18.35768, -34.07529], [18.35784, -34.07522], [18.35813, -34.07544], [18.35838, -34.0753], [18.35852, -34.07542], [18.35888, -34.07543], [18.35885, -34.07523], [18.35896, -34.07506], [18.35924, -34.07515], [18.3593, -34.07502], [18.35902, -34.07494], [18.35908, -34.07477], [18.35959, -34.07502], [18.3598, -34.07493], [18.35971, -34.07473], [18.35939, -34.07462], [18.35943, -34.07449], [18.35961, -34.07446], [18.35977, -34.07455], [18.3601, -34.07449], [18.36069, -34.07436], [18.36082, -34.07436], [18.361, -34.07419], [18.36112, -34.07398], [18.36136, -34.07391], [18.36164, -34.07401], [18.36189, -34.07395], [18.36209, -34.074], [18.36245, -34.07395], [18.36273, -34.07379], [18.36288, -34.07348], [18.3633, -34.07318], [18.36349, -34.07308], [18.36372, -34.0728], [18.36395, -34.07269], [18.36407, -34.07249], [18.36408, -34.0719], [18.36403, -34.0718], [18.36418, -34.07149], [18.36458, -34.07098], [18.36499, -34.07087], [18.36505, -34.07071], [18.365, -34.07052], [18.36509, -34.07036], [18.36496, -34.07021], [18.36511, -34.07014], [18.36541, -34.07006], [18.36544, -34.06996], [18.36519, -34.06977], [18.36523, -34.06963], [18.36542, -34.06941], [18.36545, -34.06923], [18.36544, -34.06872], [18.36588, -34.06851], [18.36585, -34.06835], [18.36567, -34.06834], [18.36558, -34.06818], [18.36572, -34.06796], [18.36589, -34.06769], [18.36605, -34.0677], [18.36644, -34.06765], [18.36659, -34.06747], [18.36692, -34.06735], [18.367, -34.06715], [18.36711, -34.06682], [18.36704, -34.06657], [18.36732, -34.06625], [18.36726, -34.066], [18.36738, -34.06565], [18.36821, -34.06462], [18.36839, -34.06429], [18.3684, -34.06373], [18.36849, -34.0635], [18.36858, -34.06329], [18.36845, -34.06313], [18.36864, -34.06298], [18.36879, -34.06285], [18.36877, -34.06271], [18.36829, -34.06264], [18.36817, -34.0626], [18.36829, -34.06242], [18.36812, -34.06232], [18.36802, -34.06224], [18.36802, -34.06211], [18.367959, -34.062072], [18.36789, -34.06203], [18.36768, -34.06208], [18.36721, -34.06207], [18.36718, -34.06202], [18.36732, -34.06193], [18.36705, -34.06178], [18.36719, -34.06168], [18.36718, -34.06158], [18.36706, -34.0612], [18.36693, -34.06117], [18.36681, -34.06111], [18.36694, -34.06094], [18.3668, -34.06085], [18.36682, -34.06078], [18.36689, -34.06074], [18.36695, -34.06064], [18.36685, -34.06028], [18.36655, -34.06008], [18.36592, -34.06004], [18.36593, -34.05976], [18.36586, -34.05972], [18.36521, -34.0597], [18.36512, -34.05958], [18.36516, -34.05945], [18.36532, -34.05931], [18.36535, -34.05923], [18.36474, -34.05923], [18.36478, -34.05909], [18.36483, -34.05884], [18.36502, -34.05877], [18.36503, -34.05869], [18.36479, -34.05865], [18.36479, -34.05857], [18.36493, -34.05853], [18.36473, -34.05848], [18.36421, -34.05844], [18.36425, -34.05801], [18.3642, -34.05785], [18.3643, -34.05773], [18.36463, -34.05766], [18.36417, -34.0576], [18.3642, -34.05734], [18.36407, -34.05716], [18.36413, -34.05709], [18.36391, -34.05642], [18.36355, -34.05635], [18.36352, -34.05614], [18.36325, -34.05607], [18.36322, -34.05589], [18.36314, -34.05583], [18.36284, -34.0557], [18.36275, -34.05553], [18.36277, -34.05544], [18.36263, -34.05538], [18.36272, -34.05528], [18.36263, -34.05521], [18.36248, -34.05519], [18.36245, -34.05511], [18.3628, -34.05499], [18.36297, -34.05494], [18.363, -34.05486], [18.36271, -34.05479], [18.36252, -34.05483], [18.36249, -34.05478], [18.36279, -34.05467], [18.3628, -34.05442], [18.36312, -34.05437], [18.36326, -34.05393], [18.36294, -34.05351], [18.36275, -34.05341], [18.36282, -34.05331], [18.362823, -34.053303], [18.36298, -34.05294], [18.36291, -34.05256], [18.36281, -34.05232], [18.36285, -34.05213], [18.36264, -34.05147], [18.36236, -34.05133], [18.36231, -34.05118], [18.3619, -34.05067], [18.36193, -34.05053], [18.36193, -34.05025], [18.36185, -34.05012], [18.361787, -34.050072], [18.36173, -34.04997], [18.361754, -34.049827], [18.361932, -34.049814], [18.36196, -34.04963], [18.361886, -34.049466], [18.361872, -34.049247], [18.361498, -34.048983], [18.36105, -34.04888], [18.36085, -34.04895], [18.36078, -34.04872], [18.36087, -34.04859], [18.36093, -34.04837], [18.360826, -34.047782], [18.360823, -34.047662], [18.360579, -34.047529], [18.360256, -34.047412], [18.359855, -34.047238], [18.359532, -34.047093], [18.359058, -34.046934], [18.358694, -34.046815], [18.358193, -34.04665], [18.357575, -34.046462], [18.356967, -34.046325], [18.356408, -34.046206], [18.356158, -34.046164], [18.355749, -34.046095], [18.355275, -34.04603], [18.354598, -34.045958], [18.354404, -34.045938], [18.354108, -34.045901], [18.353555, -34.045865], [18.352858, -34.045896], [18.352278, -34.045916], [18.352023, -34.045972], [18.351862, -34.046007], [18.351176, -34.04618], [18.350544, -34.046402], [18.350005, -34.04663], [18.349775, -34.046758], [18.349751, -34.046769], [18.349569, -34.046856], [18.349373, -34.046948], [18.349085, -34.047039], [18.348838, -34.047173], [18.348717, -34.047307], [18.348672, -34.047374], [18.348679, -34.04743], [18.34874, -34.047497], [18.348785, -34.047562], [18.34881, -34.04764], [18.34965, -34.04929], [18.34974, -34.04947], [18.34952, -34.05021], [18.34961, -34.05024], [18.349443, -34.050847], [18.34942, -34.05093], [18.35031, -34.05136], [18.35037, -34.0514], [18.3497, -34.05178], [18.34925, -34.0522], [18.34831, -34.05401], [18.34809, -34.05444], [18.34827, -34.0552], [18.3482, -34.05555], [18.34801, -34.05569], [18.34763, -34.05601], [18.34742, -34.05641], [18.34709, -34.05699], [18.34699, -34.05746], [18.34652, -34.05768], [18.34611, -34.05793], [18.345857, -34.058212], [18.345627, -34.058469], [18.34559, -34.05851], [18.34531, -34.05863], [18.344907, -34.058963], [18.34468, -34.05915], [18.344574, -34.059256], [18.34394, -34.05989], [18.34331, -34.06049], [18.34247, -34.06097], [18.34074, -34.06154], [18.34028, -34.06159], [18.33989, -34.0615], [18.33828, -34.06084], [18.337822, -34.060791], [18.337705, -34.060795], [18.337643, -34.060835], [18.337584, -34.060935], [18.33748, -34.06096], [18.337331, -34.061011], [18.337293, -34.061], [18.337151, -34.060957], [18.336908, -34.060883], [18.336594, -34.06078], [18.336341, -34.060697], [18.336295, -34.06057], [18.33627, -34.060509], [18.336134, -34.060457], [18.336057, -34.0604], [18.335968, -34.06033], [18.335907, -34.060285], [18.33588, -34.060122], [18.335763, -34.060011], [18.335547, -34.059959], [18.335413, -34.059948], [18.335346, -34.059989], [18.335332, -34.060009], [18.33535, -34.060067], [18.335338, -34.060119], [18.335275, -34.060146], [18.335248, -34.060208], [18.335203, -34.060202], [18.335073, -34.059958], [18.33483, -34.0597], [18.334306, -34.059322], [18.334088, -34.059235], [18.334013, -34.059147], [18.333976, -34.059062], [18.333973, -34.059012], [18.333935, -34.059], [18.333888, -34.05905], [18.333819, -34.059044], [18.3337, -34.058973], [18.333623, -34.058879], [18.333531, -34.058787], [18.333431, -34.058707], [18.333294, -34.058664], [18.333209, -34.058615], [18.333082, -34.058543], [18.33291, -34.058532], [18.332687, -34.058567], [18.33192, -34.05831], [18.33153, -34.058], [18.33106, -34.05777], [18.33023, -34.05749], [18.33004, -34.05742], [18.3297, -34.0576], [18.3295, -34.05765], [18.32944, -34.05774], [18.32966, -34.05798], [18.32949, -34.05814], [18.32946, -34.05829], [18.32901, -34.0583], [18.32885, -34.05825], [18.3286, -34.05803], [18.32845, -34.05794], [18.32847, -34.05782], [18.32831, -34.05785], [18.32827, -34.05779], [18.32836, -34.05765], [18.32853, -34.05775], [18.32864, -34.05734], [18.32876, -34.05731], [18.32908, -34.05744], [18.32923, -34.05735], [18.329461, -34.057167], [18.329584, -34.056907], [18.32928, -34.05624], [18.32913, -34.05608], [18.3287, -34.05582], [18.328129, -34.055434], [18.32764, -34.05526], [18.327196, -34.0551], [18.326617, -34.054934], [18.326176, -34.054817], [18.32573, -34.05454], [18.32551, -34.05415], [18.325305, -34.054024], [18.325088, -34.053908], [18.324876, -34.053764], [18.324772, -34.053622], [18.324758, -34.053515], [18.324772, -34.053357], [18.324793, -34.053184], [18.324772, -34.053057], [18.324737, -34.052971], [18.324635, -34.052862], [18.324519, -34.052764], [18.324283, -34.052635], [18.324128, -34.052597], [18.323978, -34.052558], [18.323956, -34.052538], [18.323952, -34.052492], [18.323976, -34.052435], [18.324055, -34.052366], [18.324152, -34.052219], [18.324184, -34.052104], [18.3242, -34.051991], [18.324187, -34.051833], [18.324106, -34.051688], [18.323956, -34.051524], [18.323787, -34.051289], [18.323672, -34.051115], [18.323626, -34.051006], [18.323609, -34.050873], [18.323645, -34.050747], [18.32368, -34.050595], [18.323674, -34.050482], [18.323657, -34.050412], [18.323653, -34.050364], [18.323667, -34.050319], [18.323689, -34.05029], [18.32374, -34.050264], [18.32376, -34.050251], [18.323768, -34.050219], [18.323733, -34.050054], [18.323703, -34.049909], [18.323662, -34.049847], [18.323601, -34.049811], [18.32348, -34.049743], [18.323363, -34.049655], [18.32328, -34.04957], [18.323213, -34.049466], [18.323177, -34.049386], [18.323155, -34.049316], [18.323165, -34.049235], [18.323193, -34.049078], [18.323212, -34.048954], [18.323147, -34.048806], [18.323027, -34.048725], [18.322889, -34.048677], [18.322796, -34.048649], [18.322687, -34.048606], [18.322508, -34.048518], [18.322427, -34.048428], [18.322304, -34.048276], [18.322199, -34.048087], [18.322118, -34.047938], [18.32208, -34.047867], [18.322008, -34.047812], [18.321875, -34.047765], [18.321691, -34.047717], [18.321589, -34.047666], [18.321459, -34.047561], [18.321395, -34.047451], [18.321388, -34.047382], [18.321389, -34.047353], [18.321405, -34.04733], [18.321425, -34.047312], [18.321424, -34.0473], [18.321413, -34.04729], [18.321387, -34.047288], [18.321321, -34.047288], [18.321239, -34.047276], [18.32122, -34.047265], [18.321218, -34.047252], [18.321232, -34.047231], [18.321284, -34.047199], [18.321348, -34.04718], [18.321427, -34.047134], [18.321525, -34.047074], [18.321529, -34.047059], [18.321518, -34.047042], [18.32148, -34.047029], [18.321344, -34.047012], [18.32114, -34.04693], [18.320986, -34.046877], [18.320814, -34.046856], [18.320725, -34.046818], [18.320708, -34.046785], [18.320711, -34.04676], [18.320719, -34.046745], [18.320751, -34.046721], [18.32079, -34.046688], [18.320793, -34.046675], [18.320791, -34.046665], [18.320689, -34.046546], [18.320409, -34.046275], [18.320139, -34.046076], [18.31974, -34.045837], [18.319166, -34.045543], [18.31767, -34.04507], [18.31688, -34.04507], [18.31664, -34.04498], [18.31638, -34.04498], [18.31588, -34.04486], [18.31538, -34.0447], [18.31508, -34.04466], [18.31493, -34.04451], [18.31446, -34.04432], [18.31393, -34.04425], [18.31346, -34.04408], [18.31294, -34.04396], [18.31228, -34.04388], [18.31178, -34.04371], [18.31143, -34.04368], [18.3113, -34.04358], [18.31083, -34.04338], [18.31063, -34.04329], [18.31051, -34.04306], [18.31026, -34.04291], [18.31024, -34.04272], [18.31023, -34.04257], [18.30995, -34.04239], [18.3098, -34.04225], [18.3099, -34.04202], [18.30954, -34.04171], [18.30922, -34.0416], [18.30904, -34.04164], [18.30882, -34.04154], [18.30876, -34.04134], [18.30885, -34.04122], [18.3088, -34.04117], [18.30866, -34.04114], [18.30856, -34.04121], [18.3084, -34.04128], [18.30814, -34.04112], [18.30809, -34.04098], [18.30818, -34.04069], [18.30776, -34.04045], [18.30759, -34.04015], [18.30766, -34.03999], [18.30736, -34.03985], [18.30725, -34.0397], [18.30722, -34.03951], [18.30733, -34.03925], [18.3075, -34.03908], [18.30754, -34.03886], [18.3075, -34.03871], [18.30764, -34.03844], [18.30788, -34.03805], [18.30831, -34.03778], [18.30851, -34.03758], [18.30872, -34.03756], [18.30905, -34.03744], [18.30937, -34.03746], [18.309762, -34.037609], [18.310041, -34.037633], [18.3101, -34.03753], [18.31029, -34.03736], [18.31053, -34.03729], [18.3108, -34.03726], [18.31101, -34.03714], [18.31154, -34.0371], [18.31177, -34.03709], [18.31203, -34.03695], [18.31224, -34.03698], [18.31253, -34.0369], [18.31323, -34.03674], [18.31351, -34.03628], [18.31387, -34.0362], [18.31392, -34.03609], [18.31362, -34.03567], [18.31369, -34.03554], [18.31394, -34.03542], [18.31397, -34.03525], [18.31397, -34.03511], [18.3142, -34.03487], [18.3146, -34.0346], [18.31493, -34.03425], [18.31517, -34.03386], [18.31526, -34.03371], [18.31523, -34.03343], [18.31506, -34.03317], [18.31524, -34.03297], [18.31519, -34.03271], [18.3153, -34.03255], [18.31573, -34.03242], [18.31581, -34.03229], [18.31584, -34.03211], [18.31654, -34.03175], [18.31672, -34.03147], [18.31677, -34.03111], [18.31721, -34.03041], [18.31719, -34.0303], [18.31745, -34.03017], [18.31743, -34.03003], [18.31665, -34.02983], [18.31613, -34.02957], [18.31577, -34.02924], [18.31571, -34.02898], [18.31554, -34.02888], [18.31521, -34.02879], [18.31477, -34.02883], [18.31424, -34.02878], [18.31375, -34.0288], [18.31312, -34.02867], [18.31266, -34.02874], [18.31248, -34.02868], [18.31196, -34.02864], [18.31134, -34.02862], [18.3111, -34.02843], [18.31089, -34.02787], [18.31075, -34.02778], [18.31076, -34.0277], [18.3112, -34.02753], [18.31228, -34.02759], [18.31244, -34.02767], [18.31295, -34.02775], [18.31312, -34.0277], [18.31342, -34.02787], [18.31385, -34.02829], [18.31408, -34.02834], [18.31412, -34.02824], [18.31428, -34.02818], [18.31449, -34.02821], [18.31456, -34.02812], [18.31461, -34.02794], [18.31492, -34.02782], [18.31514, -34.02784], [18.31529, -34.02784], [18.31568, -34.02767], [18.3162, -34.02766], [18.3167, -34.02762], [18.31682, -34.02779], [18.31716, -34.02779], [18.31767, -34.02772], [18.31819, -34.02765], [18.31877, -34.0276], [18.31884, -34.02753], [18.31933, -34.02738], [18.32003, -34.0274], [18.32012, -34.0273], [18.32057, -34.02723], [18.32124, -34.02725], [18.32177, -34.0272], [18.32229, -34.02718], [18.32391, -34.02662], [18.32418, -34.02644], [18.32441, -34.02642], [18.3249, -34.02624], [18.32542, -34.02612], [18.32567, -34.02594], [18.32587, -34.02592], [18.3265, -34.02586], [18.32679, -34.02584], [18.32698, -34.02574], [18.32701, -34.02574], [18.32751, -34.02562], [18.32802, -34.02549], [18.32853, -34.02537], [18.329141, -34.025014], [18.329549, -34.024763], [18.330121, -34.024494], [18.330477, -34.024111], [18.330777, -34.023703], [18.331081, -34.023278], [18.331329, -34.022967], [18.331583, -34.022626], [18.33171, -34.022438], [18.331814, -34.022284], [18.331906, -34.022141], [18.332002, -34.021918], [18.332245, -34.021721], [18.332388, -34.021463], [18.33232, -34.02133], [18.33195, -34.02092], [18.33181, -34.02067], [18.33183, -34.02051], [18.33178, -34.02023], [18.33188, -34.0201], [18.33191, -34.02003], [18.33114, -34.01996], [18.331104, -34.019742], [18.331594, -34.019812], [18.33212, -34.01979], [18.33216, -34.01972], [18.33212, -34.01963], [18.33218, -34.01942], [18.33222, -34.01915], [18.33236, -34.01891], [18.33249, -34.01881], [18.33282, -34.01883], [18.33316, -34.01875], [18.333297, -34.018604], [18.333351, -34.018404], [18.33326, -34.01829], [18.33334, -34.01804], [18.33332, -34.0175], [18.33338, -34.01738], [18.33358, -34.0173], [18.33374, -34.01703], [18.33395, -34.01692], [18.334164, -34.016936], [18.33432, -34.016899], [18.33447, -34.016737], [18.334709, -34.016212], [18.33475, -34.015794], [18.334687, -34.015707], [18.33452, -34.01561], [18.33433, -34.01542], [18.33434, -34.01523], [18.3345, -34.01471], [18.33454, -34.0145], [18.33473, -34.01434], [18.335069, -34.014244], [18.335134, -34.014103], [18.335258, -34.01388], [18.335299, -34.013617], [18.335256, -34.013441], [18.335106, -34.013311], [18.334901, -34.013231], [18.33457, -34.01315], [18.33444, -34.01297], [18.334501, -34.01283], [18.3346, -34.01265], [18.33452, -34.01253], [18.33417, -34.01245], [18.33415, -34.01201], [18.33427, -34.01158], [18.33451, -34.01119], [18.33462, -34.01093], [18.33479, -34.01084], [18.33529, -34.01098], [18.33555, -34.01093], [18.33564, -34.01075], [18.33555, -34.01073], [18.33547, -34.01054], [18.33547, -34.01033], [18.33555, -34.01028], [18.335486, -34.010204], [18.335599, -34.010159], [18.335838, -34.010061], [18.336571, -34.010223], [18.336798, -34.010177], [18.337246, -34.009998], [18.337045, -34.009646], [18.336969, -34.009499], [18.337174, -34.009297], [18.33798, -34.00968], [18.338183, -34.009688], [18.33876, -34.00969], [18.338828, -34.009715], [18.338959, -34.009706], [18.339043, -34.009664], [18.339171, -34.00963], [18.339354, -34.009612], [18.339489, -34.009612], [18.339592, -34.009654], [18.339708, -34.009679], [18.339844, -34.009609], [18.339917, -34.009548], [18.339975, -34.009412], [18.339972, -34.009349], [18.340045, -34.009264], [18.340129, -34.00923], [18.340172, -34.009133], [18.340253, -34.009034], [18.340366, -34.009061], [18.340421, -34.00904], [18.340476, -34.008933], [18.34051, -34.008858], [18.340574, -34.008718], [18.340695, -34.0086], [18.340717, -34.008461], [18.340764, -34.00831], [18.340848, -34.008213], [18.340965, -34.008085], [18.341006, -34.007952], [18.341013, -34.007801], [18.34106, -34.007686], [18.341036, -34.007582], [18.341089, -34.007461], [18.341166, -34.007365], [18.341228, -34.007258], [18.341232, -34.007119], [18.341273, -34.007069], [18.341204, -34.006953], [18.341156, -34.006608], [18.341086, -34.006286], [18.3411, -34.006058], [18.341074, -34.005767], [18.341031, -34.0056], [18.340532, -34.005536], [18.340186, -34.005738], [18.33972, -34.00514], [18.33915, -34.00488], [18.33903, -34.00476], [18.33899, -34.00455], [18.3392, -34.00441], [18.33945, -34.00441], [18.340636, -34.004765], [18.341, -34.00505], [18.34162, -34.00533], [18.341715, -34.005313], [18.341959, -34.005062], [18.341923, -34.004864], [18.341812, -34.004567], [18.342339, -34.004432], [18.34294, -34.00414], [18.34292, -34.00383], [18.3426, -34.00344], [18.34239, -34.003127], [18.342181, -34.002851], [18.341773, -34.0023], [18.341584, -34.001898], [18.341511, -34.001539], [18.341617, -34.001246], [18.341682, -34.000932], [18.341835, -34.000578], [18.341956, -34.0003], [18.341965, -33.99976], [18.341991, -33.99942], [18.342281, -33.998984], [18.342698, -33.998583], [18.34373, -33.998054], [18.344229, -33.99786], [18.344392, -33.997398], [18.344258, -33.99692], [18.344482, -33.996462], [18.344545, -33.99624], [18.344486, -33.996057], [18.344239, -33.995806], [18.344279, -33.995509], [18.344223, -33.995289], [18.344082, -33.995028], [18.343966, -33.994763], [18.343763, -33.994343], [18.343621, -33.993811], [18.343558, -33.993249], [18.343839, -33.992503], [18.343794, -33.992008], [18.343783, -33.991603], [18.344167, -33.991055], [18.344392, -33.990939], [18.34475, -33.990738], [18.345179, -33.990472], [18.345274, -33.990152], [18.345561, -33.989899], [18.345825, -33.989928], [18.346284, -33.98978], [18.346638, -33.989557], [18.346925, -33.989389], [18.347098, -33.989179], [18.347142, -33.988961], [18.347644, -33.988961], [18.347902, -33.988868], [18.348093, -33.98871], [18.34851, -33.98837], [18.34855, -33.98828], [18.34846, -33.9882], [18.34796, -33.98814], [18.34774, -33.98801], [18.34777, -33.98781], [18.34803, -33.98771], [18.34823, -33.9878], [18.34844, -33.9879], [18.34853, -33.98787], [18.34857, -33.98776], [18.34845, -33.98759], [18.34842, -33.98747], [18.34863, -33.98753], [18.34868, -33.98746], [18.34851, -33.98735], [18.3485, -33.98708], [18.34857, -33.98686], [18.34919, -33.98673], [18.34955, -33.98717], [18.349503, -33.98728], [18.349594, -33.987363], [18.349789, -33.98737], [18.349941, -33.987319], [18.350036, -33.987264], [18.34997, -33.98715], [18.35004, -33.987], [18.34976, -33.98683], [18.34975, -33.98656], [18.34969, -33.98646], [18.34977, -33.98639], [18.35031, -33.9865], [18.35061, -33.98659], [18.35057, -33.98675], [18.35051, -33.98696], [18.35065, -33.98707], [18.35094, -33.98681], [18.35112, -33.98686], [18.35125, -33.9871], [18.35122, -33.98724], [18.35105, -33.98736], [18.35107, -33.98757], [18.351371, -33.987613], [18.352074, -33.987294], [18.352424, -33.987125], [18.352642, -33.987142], [18.35304, -33.987161], [18.353288, -33.987079], [18.353464, -33.987009], [18.353599, -33.986858], [18.35372, -33.986656], [18.35391, -33.986293], [18.354053, -33.986089], [18.354075, -33.985649], [18.3543, -33.985266], [18.354459, -33.985404], [18.35504, -33.9853], [18.35516, -33.98505], [18.35497, -33.98495], [18.35486, -33.9848], [18.3554, -33.98446], [18.35582, -33.98444], [18.35625, -33.9846], [18.356554, -33.984665], [18.356967, -33.984453], [18.357273, -33.984209], [18.357414, -33.984132], [18.357556, -33.984125], [18.357584, -33.983965], [18.35784, -33.98376], [18.357864, -33.983703], [18.3579, -33.98358], [18.35873, -33.98281], [18.35896, -33.98255], [18.35898, -33.98237], [18.35943, -33.98216], [18.35945, -33.98209], [18.3592, -33.982], [18.3592, -33.98182], [18.35952, -33.98192], [18.35958, -33.98182], [18.3595, -33.98162], [18.35956, -33.98143], [18.35982, -33.98145], [18.35999, -33.98163], [18.3601, -33.98177], [18.36036, -33.9818], [18.36056, -33.982], [18.36107, -33.98201], [18.36134, -33.98207], [18.361392, -33.98214], [18.361626, -33.982125], [18.361759, -33.982002], [18.361762, -33.981881], [18.361745, -33.981708], [18.361938, -33.98162], [18.36205, -33.98171], [18.36222, -33.9817], [18.3623, -33.98161], [18.362162, -33.981328], [18.362232, -33.981272], [18.362727, -33.981173], [18.362915, -33.981002], [18.36344, -33.98079], [18.36367, -33.9804], [18.36365, -33.98002], [18.36372, -33.97982], [18.3637, -33.97955], [18.36358, -33.9794], [18.363445, -33.979283], [18.36328, -33.97914], [18.36334, -33.97905], [18.36358, -33.97911], [18.363882, -33.97936], [18.36436, -33.97918], [18.365041, -33.979006], [18.365236, -33.978822], [18.365567, -33.978634], [18.366747, -33.977592], [18.367858, -33.976361], [18.36842, -33.97569], [18.368529, -33.975541], [18.368825, -33.975338], [18.36905, -33.97523], [18.369665, -33.974651], [18.3698, -33.9746], [18.370094, -33.974393], [18.370324, -33.974373], [18.370835, -33.974098], [18.371061, -33.973741], [18.371189, -33.973346], [18.37134, -33.97222], [18.37124, -33.971621], [18.371074, -33.971314], [18.370936, -33.970807], [18.370957, -33.970397], [18.37104, -33.97007], [18.370902, -33.969867], [18.370702, -33.969576], [18.370598, -33.969201], [18.370552, -33.96886], [18.370736, -33.968485], [18.37121, -33.96811], [18.37163, -33.96784], [18.37207, -33.96759], [18.37245, -33.9673], [18.37294, -33.96689], [18.37308, -33.96646], [18.37312, -33.96625], [18.37288, -33.96606], [18.37295, -33.965648], [18.37295, -33.96562], [18.37289, -33.96557], [18.37275, -33.96552], [18.37276, -33.96539], [18.37259, -33.96526], [18.37254, -33.96508], [18.37221, -33.965], [18.37217, -33.96481], [18.37239, -33.96492], [18.37265, -33.96492], [18.37288, -33.96477], [18.37315, -33.96436], [18.37319, -33.96411], [18.37304, -33.9638], [18.37286, -33.96353], [18.3726, -33.96352], [18.37205, -33.96337], [18.37192, -33.9632], [18.37206, -33.96293], [18.37221, -33.96291], [18.37238, -33.96265], [18.37252, -33.96262], [18.37263, -33.9626], [18.37275, -33.96237], [18.37288, -33.96232], [18.37308, -33.96207], [18.37312, -33.96182], [18.37306, -33.96153], [18.37292, -33.96145], [18.37269, -33.96141], [18.37266, -33.96129], [18.37276, -33.96124], [18.37284, -33.96121], [18.37285, -33.96107], [18.37269, -33.96089], [18.37249, -33.96072], [18.3726, -33.96056], [18.37278, -33.96048], [18.373029, -33.9605], [18.373038, -33.960408], [18.372939, -33.960003], [18.37276, -33.960037], [18.372626, -33.95999], [18.372425, -33.959998], [18.372313, -33.959598], [18.372437, -33.95952], [18.37293, -33.95942], [18.373431, -33.959306], [18.37382, -33.959209], [18.3739, -33.95936], [18.37418, -33.95937], [18.374354, -33.959441], [18.374373, -33.959468], [18.374394, -33.959493], [18.374411, -33.959509], [18.374445, -33.959522], [18.374491, -33.95954], [18.374514, -33.959547], [18.374549, -33.959554], [18.374646, -33.959565], [18.37467, -33.959563], [18.374728, -33.95955], [18.374762, -33.959551], [18.375066, -33.959506], [18.375325, -33.959538], [18.37546, -33.9595], [18.375943, -33.95928], [18.376266, -33.959164], [18.376717, -33.958916], [18.377021, -33.958549], [18.377171, -33.958429], [18.377183, -33.958187], [18.376948, -33.957755], [18.376862, -33.95748], [18.376824, -33.957349], [18.37647, -33.95681], [18.376183, -33.956812], [18.376089, -33.956971], [18.375631, -33.956746], [18.375455, -33.956653], [18.375373, -33.956398], [18.37541, -33.95617], [18.37563, -33.95602], [18.37564, -33.95593], [18.37547, -33.95578], [18.37556, -33.955684], [18.37562, -33.95562], [18.375362, -33.955453], [18.375358, -33.955379], [18.375365, -33.955326], [18.375349, -33.955268], [18.375291, -33.955207], [18.374942, -33.955095], [18.374916, -33.955078], [18.374907, -33.955052], [18.374922, -33.955017], [18.374954, -33.954977], [18.37502, -33.954912], [18.375272, -33.954635], [18.375279, -33.954598], [18.375261, -33.95457], [18.375231, -33.954547], [18.375176, -33.954521], [18.37496, -33.954416], [18.374917, -33.954376], [18.374893, -33.954318], [18.374886, -33.954203], [18.374846, -33.954065], [18.37479, -33.95392], [18.375, -33.95373], [18.37503, -33.95359], [18.37474, -33.95324], [18.37444, -33.95301], [18.37447, -33.95292], [18.37474, -33.95297], [18.37474, -33.95278], [18.3749, -33.95275], [18.375144, -33.952854], [18.375414, -33.953016], [18.375704, -33.952867], [18.376061, -33.952689], [18.376342, -33.952431], [18.376633, -33.952199], [18.376818, -33.95199], [18.376934, -33.951831], [18.377076, -33.951619], [18.377167, -33.951422], [18.377371, -33.950995], [18.377458, -33.950823], [18.377568, -33.950599], [18.37774, -33.950192], [18.377796, -33.949997], [18.377816, -33.949694], [18.377862, -33.949291], [18.377916, -33.948873], [18.37793, -33.948618], [18.377936, -33.948406], [18.377944, -33.948211], [18.377962, -33.948068], [18.377874, -33.947979], [18.377574, -33.947862], [18.377451, -33.947848], [18.377373, -33.947844], [18.377331, -33.947803], [18.377274, -33.947745], [18.377253, -33.947708], [18.377253, -33.947636], [18.377294, -33.947599], [18.377397, -33.947551], [18.377496, -33.947507], [18.377496, -33.947466], [18.377624, -33.94741], [18.377685, -33.947384], [18.377739, -33.947309], [18.377763, -33.94721], [18.377734, -33.947032], [18.377661, -33.946766], [18.377628, -33.94665], [18.377596, -33.94654], [18.377578, -33.946479], [18.377537, -33.946442], [18.377471, -33.946438], [18.37737, -33.94647], [18.37717, -33.94642], [18.377039, -33.946314], [18.37694, -33.94624], [18.37685, -33.94599], [18.37654, -33.94579], [18.37643, -33.94595], [18.37604, -33.94593], [18.37541, -33.94564], [18.37494, -33.94548], [18.37472, -33.94537], [18.374681, -33.945273], [18.374615, -33.94522], [18.374585, -33.945105], [18.37456, -33.94509], [18.37446, -33.94508], [18.3741, -33.94504], [18.373965, -33.944889], [18.37393, -33.94485], [18.373584, -33.944827], [18.3736, -33.94501], [18.373527, -33.945061], [18.373419, -33.945003], [18.373307, -33.944935], [18.373347, -33.944798], [18.37318, -33.94459], [18.37305, -33.94465], [18.37258, -33.94458], [18.37228, -33.94439], [18.37264, -33.94423], [18.37288, -33.94431], [18.37301, -33.94424], [18.37248, -33.94401], [18.37175, -33.94391], [18.37178, -33.94368], [18.37188, -33.94358], [18.37204, -33.94356], [18.372072, -33.943567], [18.37243, -33.94377], [18.37268, -33.94371], [18.372709, -33.943601], [18.372716, -33.943503], [18.372366, -33.943364], [18.37221, -33.94326], [18.37178, -33.94296], [18.37188, -33.94269], [18.37192, -33.94246], [18.37158, -33.94205], [18.37161, -33.94183], [18.371872, -33.941589], [18.371802, -33.940972], [18.37213, -33.94078], [18.37245, -33.94098], [18.37265, -33.94098], [18.37287, -33.94089], [18.37343, -33.94097], [18.373808, -33.940906], [18.37386, -33.940961], [18.373877, -33.941031], [18.373936, -33.941077], [18.374004, -33.941041], [18.37406, -33.940987], [18.374172, -33.940952], [18.374215, -33.940917], [18.374328, -33.940827], [18.374478, -33.940721], [18.374602, -33.940644], [18.374718, -33.940577], [18.374811, -33.940507], [18.374958, -33.940424], [18.375057, -33.940355], [18.37516, -33.940267], [18.375242, -33.940226], [18.375294, -33.940199], [18.37534, -33.940144], [18.375414, -33.940106], [18.375482, -33.94007], [18.375548, -33.940008], [18.375599, -33.939922], [18.375679, -33.93983], [18.375737, -33.939794], [18.375803, -33.93973], [18.375854, -33.939664], [18.375894, -33.939613], [18.37597, -33.939568], [18.376023, -33.939512], [18.376071, -33.939474], [18.376081, -33.939439], [18.376075, -33.939414], [18.376096, -33.939379], [18.376134, -33.939357], [18.376189, -33.939343], [18.376242, -33.939347], [18.376272, -33.939355], [18.376295, -33.939352], [18.37634, -33.939282], [18.376379, -33.939207], [18.37645, -33.939139], [18.376509, -33.939084], [18.376547, -33.93902], [18.376593, -33.938974], [18.376613, -33.938916], [18.376621, -33.938843], [18.376651, -33.938781], [18.376676, -33.938743], [18.376687, -33.93868], [18.376696, -33.938636], [18.376704, -33.938566], [18.37671, -33.938513], [18.376713, -33.938469], [18.376713, -33.938417], [18.376704, -33.938378], [18.376707, -33.938319], [18.376713, -33.938241], [18.376719, -33.93817], [18.376717, -33.937995], [18.376731, -33.937882], [18.376766, -33.937777], [18.376804, -33.937668], [18.376836, -33.93755], [18.37689, -33.937379], [18.376939, -33.937245], [18.377034, -33.936982], [18.377093, -33.936869], [18.37715, -33.936751], [18.377195, -33.936656], [18.377258, -33.936526], [18.377285, -33.936452], [18.377296, -33.936389], [18.377301, -33.936297], [18.377311, -33.936209], [18.377317, -33.936109], [18.377329, -33.936001], [18.37735, -33.935896], [18.377343, -33.935721], [18.377407, -33.935593], [18.377435, -33.935426], [18.377446, -33.935355], [18.377462, -33.935278], [18.377482, -33.935191], [18.377482, -33.935148], [18.377493, -33.935062], [18.377503, -33.934996], [18.377477, -33.934952], [18.377365, -33.934837], [18.37721, -33.9346], [18.37727, -33.93436], [18.377346, -33.934231], [18.377481, -33.934025], [18.37757, -33.93386], [18.377562, -33.933766], [18.377369, -33.933461], [18.377092, -33.93325], [18.376955, -33.933171], [18.376773, -33.933088], [18.376654, -33.932988], [18.376555, -33.932856], [18.376352, -33.932659], [18.37611, -33.93255], [18.37566, -33.93227], [18.3754, -33.9317], [18.37558, -33.93153], [18.37562, -33.93135], [18.37522, -33.93026], [18.37522, -33.93015], [18.37519, -33.93002], [18.37498, -33.93001], [18.37497, -33.92992], [18.37507, -33.92981], [18.375157, -33.929743], [18.375193, -33.929707], [18.3753, -33.92962], [18.3753, -33.92946], [18.37522, -33.92935], [18.3751, -33.92935], [18.37487, -33.92922], [18.37491, -33.92905], [18.37498, -33.92902], [18.37493, -33.92879], [18.37515, -33.92842], [18.375179, -33.928168], [18.375578, -33.928007], [18.375854, -33.92795], [18.376171, -33.92779], [18.37658, -33.92759], [18.376798, -33.927468], [18.377498, -33.927194], [18.377844, -33.926979], [18.378133, -33.926776], [18.378305, -33.926588], [18.378144, -33.9257], [18.378062, -33.92546], [18.377667, -33.925227], [18.377618, -33.925178], [18.377601, -33.925166], [18.377579, -33.925148], [18.37756, -33.925128], [18.377544, -33.925106], [18.377533, -33.925083], [18.377525, -33.925058], [18.377522, -33.925033], [18.377522, -33.925021], [18.377518, -33.924994], [18.377508, -33.924968], [18.377492, -33.924945], [18.377471, -33.924924], [18.377446, -33.924906], [18.377407, -33.924884], [18.377365, -33.924855], [18.377331, -33.924819], [18.377307, -33.924778], [18.377294, -33.924734], [18.377292, -33.924689], [18.377301, -33.924644], [18.377321, -33.924601], [18.377352, -33.924564], [18.377391, -33.924532], [18.377438, -33.924508], [18.377468, -33.924495], [18.377492, -33.924483], [18.377513, -33.924467], [18.377531, -33.924448], [18.377544, -33.924427], [18.377553, -33.924405], [18.37761, -33.924202], [18.377564, -33.924179], [18.377555, -33.924172], [18.377544, -33.924162], [18.377539, -33.924155], [18.377535, -33.924143], [18.377539, -33.924116], [18.377553, -33.924047], [18.377558, -33.924017], [18.37756, -33.923996], [18.37756, -33.923978], [18.37756, -33.923946], [18.377554, -33.923909], [18.377538, -33.923829], [18.377522, -33.923753], [18.377488, -33.923608], [18.377473, -33.923537], [18.377463, -33.923469], [18.377459, -33.923436], [18.37746, -33.923406], [18.377461, -33.923391], [18.377465, -33.923378], [18.377469, -33.923368], [18.377477, -33.923351], [18.377484, -33.923341], [18.377495, -33.923329], [18.377505, -33.923319], [18.377526, -33.923301], [18.377547, -33.923287], [18.37761, -33.923252], [18.377607, -33.923228], [18.377599, -33.923201], [18.377585, -33.923176], [18.377566, -33.923154], [18.377541, -33.923135], [18.377513, -33.923122], [18.377286, -33.923036], [18.377235, -33.92301], [18.377192, -33.922975], [18.37716, -33.922933], [18.37714, -33.922885], [18.377134, -33.922836], [18.377142, -33.922786], [18.377301, -33.922268], [18.377285, -33.922265], [18.377313, -33.922172], [18.377299, -33.922149], [18.377295, -33.922124], [18.377302, -33.922098], [18.377319, -33.922077], [18.377344, -33.922061], [18.377374, -33.922053], [18.377378, -33.922042], [18.377383, -33.922029], [18.377391, -33.922011], [18.377412, -33.921981], [18.377424, -33.921966], [18.37744, -33.921952], [18.37745, -33.921946], [18.377462, -33.921939], [18.377471, -33.921935], [18.377486, -33.921931], [18.377497, -33.921928], [18.377517, -33.921926], [18.377537, -33.921926], [18.377575, -33.921926], [18.377597, -33.921926], [18.377623, -33.921924], [18.377639, -33.921922], [18.377659, -33.921918], [18.377678, -33.921912], [18.377716, -33.921901], [18.377769, -33.921882], [18.37789, -33.921839], [18.377951, -33.921816], [18.378011, -33.921789], [18.378044, -33.921773], [18.378083, -33.921752], [18.378112, -33.921734], [18.378158, -33.921702], [18.378217, -33.921659], [18.378346, -33.921562], [18.378404, -33.921518], [18.378447, -33.921482], [18.378468, -33.921464], [18.378488, -33.921446], [18.3785, -33.921432], [18.378519, -33.921411], [18.378528, -33.921398], [18.378538, -33.921382], [18.37855, -33.92135], [18.378577, -33.92127], [18.378588, -33.921238], [18.378595, -33.921222], [18.3786, -33.921214], [18.378609, -33.921204], [18.378615, -33.921197], [18.378626, -33.921189], [18.378633, -33.921184], [18.378646, -33.921177], [18.378676, -33.921166], [18.378753, -33.921137], [18.378795, -33.921122], [18.378822, -33.920885], [18.378827, -33.920864], [18.378836, -33.920844], [18.37885, -33.920825], [18.378867, -33.920809], [18.378888, -33.920797], [18.379418, -33.920523], [18.379459, -33.920508], [18.379503, -33.920502], [18.379548, -33.920505], [18.37959, -33.920518], [18.379627, -33.920539], [18.379656, -33.920568], [18.379741, -33.920679], [18.379812, -33.92066], [18.379898, -33.920648], [18.379997, -33.920588], [18.380116, -33.920506], [18.380198, -33.920438], [18.380256, -33.920344], [18.380329, -33.920251], [18.380458, -33.920122], [18.38059, -33.920028], [18.380784, -33.91993], [18.381034, -33.91981], [18.381241, -33.919721], [18.381589, -33.919623], [18.381665, -33.919358], [18.38176, -33.91918], [18.381867, -33.919055], [18.382, -33.918962], [18.382109, -33.918903], [18.382248, -33.918856], [18.382383, -33.918825], [18.382653, -33.918805], [18.382812, -33.918803], [18.3829, -33.91882], [18.38362, -33.91837], [18.38367, -33.9184], [18.383729, -33.91842], [18.383805, -33.918417], [18.38387, -33.91839], [18.38496, -33.9177], [18.385142, -33.917914], [18.385217, -33.917884], [18.385327, -33.917849], [18.385428, -33.917765], [18.385509, -33.917638], [18.385542, -33.917515], [18.385559, -33.9174], [18.385517, -33.917277], [18.385525, -33.917178], [18.385648, -33.917006], [18.385712, -33.916862], [18.385856, -33.916662], [18.385978, -33.916466], [18.386059, -33.916339], [18.386071, -33.916286], [18.386008, -33.916193], [18.385972, -33.916125], [18.38597, -33.91612], [18.385946, -33.916015], [18.385929, -33.91588], [18.385929, -33.915759], [18.385929, -33.915582], [18.38592, -33.915492], [18.385931, -33.915427], [18.385943, -33.915368], [18.385966, -33.915289], [18.385987, -33.915198], [18.385968, -33.915051], [18.385957, -33.914946], [18.385989, -33.914884], [18.386027, -33.914822], [18.386092, -33.914775], [18.386309, -33.914654], [18.386318, -33.914649], [18.386496, -33.914527], [18.386504, -33.914519], [18.386642, -33.914352], [18.386702, -33.914267], [18.386794, -33.914178], [18.386898, -33.914083], [18.386961, -33.914054], [18.387036, -33.914037], [18.38714, -33.914039], [18.387143, -33.914034], [18.387272, -33.913834], [18.387256, -33.913827], [18.387244, -33.913822], [18.387277, -33.913769], [18.387319, -33.913704], [18.387355, -33.913646], [18.38737, -33.913652], [18.387387, -33.913658], [18.387689, -33.913169], [18.38772, -33.913027], [18.387701, -33.912925], [18.387683, -33.912879], [18.387664, -33.912841], [18.387652, -33.912805], [18.387656, -33.912773], [18.387694, -33.912727], [18.387742, -33.912672], [18.387776, -33.912648], [18.387797, -33.91264], [18.387816, -33.91264], [18.387864, -33.912646], [18.387874, -33.912646], [18.387878, -33.912646], [18.387886, -33.912639], [18.387901, -33.912616], [18.387942, -33.912561], [18.388033, -33.91252], [18.388077, -33.912489], [18.388106, -33.912452], [18.388124, -33.912409], [18.388363, -33.911552], [18.388419, -33.911375], [18.388485, -33.911237], [18.388592, -33.911106], [18.388746, -33.910948], [18.389809, -33.91], [18.390811, -33.909277], [18.390996, -33.90917], [18.392395, -33.908554], [18.392519, -33.908541], [18.392616, -33.908552], [18.392709, -33.908573], [18.392773, -33.908621], [18.392869, -33.908734], [18.392929, -33.908749], [18.393002, -33.908752], [18.393032, -33.908717], [18.393074, -33.908688], [18.393121, -33.908683], [18.393187, -33.908688], [18.3932, -33.90868], [18.393228, -33.908662], [18.393283, -33.908653], [18.393365, -33.908652], [18.393431, -33.908656], [18.393493, -33.908653], [18.393551, -33.90863], [18.393588, -33.908591], [18.39366, -33.908581], [18.393715, -33.908555], [18.393747, -33.908514], [18.393774, -33.90847], [18.393758, -33.908354], [18.39376, -33.908299], [18.393791, -33.908226], [18.39436, -33.90727], [18.39541, -33.90651], [18.39557, -33.906449], [18.395856, -33.906387], [18.396425, -33.906282], [18.396612, -33.906264], [18.396812, -33.906254], [18.397022, -33.906261], [18.397216, -33.906292], [18.397485, -33.906352], [18.397544, -33.906368], [18.397763, -33.906301], [18.397793, -33.906279], [18.39791, -33.906139], [18.397946, -33.905977], [18.397976, -33.905872], [18.398028, -33.905722], [18.397944, -33.905686], [18.397891, -33.905656], [18.397827, -33.905614], [18.3977, -33.905558], [18.3976, -33.90547], [18.397549, -33.905396], [18.397519, -33.905325], [18.39749, -33.905183], [18.39751, -33.90504], [18.39773, -33.90444], [18.398, -33.903706], [18.398017, -33.903628], [18.398211, -33.90125], [18.398233, -33.900975], [18.398244, -33.900897], [18.398282, -33.900797], [18.398343, -33.900694], [18.398425, -33.900608], [18.39853, -33.900523], [18.398624, -33.900459], [18.398727, -33.900409], [18.39883, -33.900372], [18.398937, -33.90035], [18.399086, -33.900341], [18.399187, -33.90034], [18.399296, -33.900346], [18.399408, -33.900366], [18.400287, -33.900641], [18.400386, -33.900659], [18.400472, -33.900672], [18.400614, -33.900685], [18.400737, -33.900679], [18.400849, -33.900663], [18.402553, -33.900162], [18.402703, -33.900109], [18.402809, -33.900057], [18.40289, -33.9], [18.403292, -33.899594], [18.403348, -33.899556], [18.403818, -33.899396], [18.403861, -33.899389], [18.403922, -33.899397], [18.404182, -33.899498], [18.40424, -33.899537], [18.404333, -33.899758], [18.40484, -33.89949], [18.40506, -33.89946], [18.4059, -33.89948], [18.40643, -33.89947], [18.4067, -33.89954], [18.40719, -33.89925], [18.40776, -33.89906], [18.40811, -33.89898], [18.40844, -33.89912], [18.40896, -33.89915], [18.40947, -33.89906], [18.40998, -33.89893], [18.41055, -33.8988], [18.41057, -33.89879], [18.4106, -33.89879], [18.41062, -33.89878], [18.41064, -33.89878], [18.41067, -33.89878], [18.41208, -33.8988], [18.41245, -33.89891], [18.41267, -33.8991], [18.41269, -33.89911], [18.41271, -33.89912], [18.412809, -33.899141], [18.41311, -33.899143], [18.413464, -33.899146], [18.413903, -33.899159], [18.414062, -33.899138], [18.415157, -33.899128], [18.415185, -33.89917], [18.415183, -33.899219], [18.415137, -33.899254], [18.415098, -33.899275], [18.41471, -33.89967], [18.41512, -33.9], [18.4154, -33.90065], [18.41586, -33.90072], [18.41596, -33.900974], [18.415953, -33.900991], [18.415935, -33.900996], [18.415879, -33.90099], [18.41585, -33.900954], [18.415782, -33.900939], [18.415682, -33.900911], [18.415648, -33.900881], [18.415527, -33.90087], [18.415461, -33.900881], [18.4154, -33.9009], [18.415303, -33.900949], [18.415247, -33.900984], [18.415208, -33.901002], [18.415229, -33.90106], [18.415256, -33.901109], [18.415289, -33.901097], [18.415317, -33.901136], [18.415294, -33.901156], [18.415346, -33.901189], [18.415377, -33.90121], [18.415412, -33.901178], [18.415495, -33.90123], [18.415592, -33.901197], [18.415735, -33.901202], [18.415877, -33.901112], [18.416919, -33.901547], [18.417267, -33.901599], [18.417871, -33.901765], [18.418328, -33.901943], [18.418586, -33.902043], [18.418743, -33.902146], [18.419158, -33.902133], [18.419494, -33.901956], [18.420621, -33.901419], [18.420571, -33.901229], [18.420678, -33.901041], [18.423414, -33.900594], [18.423625, -33.90072], [18.423682, -33.900942], [18.423817, -33.900926], [18.424425, -33.900741], [18.42492, -33.900371], [18.42493, -33.90029], [18.425, -33.90013], [18.424984, -33.899968], [18.425126, -33.899881], [18.425221, -33.899867], [18.425466, -33.899948], [18.43059, -33.89853], [18.43079, -33.89864], [18.43166, -33.89839], [18.43451, -33.8976], [18.43458, -33.89776], [18.436713, -33.900339], [18.438961, -33.903072], [18.440458, -33.90433], [18.445651, -33.905263], [18.446002, -33.905562], [18.448016, -33.90726], [18.448107, -33.90722], [18.448189, -33.907232], [18.45153, -33.91002], [18.453354, -33.911633], [18.453692, -33.911869], [18.453965, -33.912033], [18.454282, -33.912183], [18.454575, -33.912283], [18.454929, -33.912374], [18.455283, -33.912428], [18.455671, -33.912449], [18.45926, -33.912346], [18.459467, -33.912281], [18.459609, -33.912136], [18.459739, -33.912032], [18.459909, -33.911979], [18.460025, -33.911984], [18.46011, -33.912035], [18.460135, -33.912108], [18.460102, -33.912168], [18.459883, -33.912185], [18.45979, -33.912226], [18.459657, -33.912335], [18.461372, -33.912259], [18.463766, -33.912191], [18.465213, -33.912164], [18.465745, -33.912092], [18.466271, -33.911981], [18.466752, -33.911804], [18.467135, -33.911645], [18.467502, -33.911448], [18.467989, -33.911147], [18.468275, -33.910917], [18.468586, -33.91062], [18.470476, -33.908579], [18.4709, -33.908323], [18.470905, -33.908152], [18.470865, -33.90799], [18.470867, -33.907869], [18.470952, -33.907779], [18.471091, -33.907731], [18.471224, -33.907728], [18.471366, -33.907781], [18.471547, -33.907907], [18.471731, -33.908009], [18.471916, -33.908065], [18.471979, -33.908102], [18.472084, -33.907965], [18.472226, -33.907814], [18.472269, -33.90777], [18.472247, -33.907756], [18.472172, -33.907702], [18.472164, -33.907683], [18.472172, -33.907658], [18.472732, -33.906992], [18.47339, -33.90629], [18.473811, -33.905803], [18.474323, -33.905144], [18.474724, -33.904671], [18.474993, -33.904307], [18.475548, -33.903415], [18.475816, -33.902939], [18.476178, -33.902278], [18.476923, -33.900958], [18.477262, -33.900409], [18.477494, -33.900058], [18.477574, -33.899943], [18.477699, -33.899783], [18.477799, -33.899661], [18.478113, -33.899248], [18.478934, -33.898084], [18.479154, -33.897787], [18.479418, -33.897409], [18.479665, -33.896936], [18.480023, -33.896224], [18.480319, -33.895419], [18.48058, -33.894899], [18.480591, -33.894857], [18.480819, -33.89425], [18.48117, -33.893599], [18.481372, -33.893105], [18.4816, -33.89259], [18.481802, -33.892226], [18.48205, -33.891881], [18.482557, -33.891474], [18.482622, -33.891429], [18.482685, -33.891387], [18.482763, -33.891342], [18.48284, -33.891317], [18.482916, -33.891288], [18.483213, -33.890775], [18.483123, -33.890435], [18.48319, -33.890248], [18.48327, -33.889969], [18.483332, -33.889767], [18.483467, -33.889476], [18.483665, -33.889115], [18.483941, -33.88858], [18.484435, -33.887245], [18.484749, -33.886319], [18.484991, -33.885786], [18.485318, -33.885055], [18.485516, -33.884508], [18.485616, -33.884105], [18.485705, -33.883766], [18.485919, -33.883226], [18.486243, -33.882465], [18.486558, -33.881588], [18.486711, -33.881223], [18.48687, -33.880852], [18.487002, -33.880533], [18.487286, -33.879792], [18.487399, -33.879474], [18.487662, -33.878846], [18.487761, -33.87853], [18.487855, -33.878206], [18.487944, -33.877871], [18.488, -33.877609], [18.488067, -33.877213], [18.488107, -33.876956], [18.488283, -33.875788], [18.488329, -33.875241], [18.488414, -33.87456], [18.488558, -33.873709], [18.488587, -33.87347], [18.488692, -33.872801], [18.488821, -33.872173], [18.48889, -33.871847], [18.489161, -33.870637], [18.489297, -33.870047], [18.489339, -33.869557], [18.489295, -33.868922], [18.489307, -33.868058], [18.489315, -33.866915], [18.489238, -33.865988], [18.489105, -33.864801], [18.489044, -33.863971], [18.489003, -33.86346], [18.488989, -33.862987], [18.488967, -33.862384], [18.488901, -33.86142], [18.488874, -33.860189], [18.488878, -33.858602], [18.488878, -33.857798], [18.488869, -33.856883], [18.488731, -33.854388], [18.488692, -33.853651], [18.488652, -33.852935], [18.488582, -33.85244], [18.48837, -33.851431], [18.488178, -33.850676], [18.487736, -33.849443], [18.487399, -33.848539], [18.487276, -33.848102], [18.48717, -33.847739], [18.487091, -33.847477], [18.487028, -33.847248], [18.486961, -33.846991], [18.486888, -33.84671], [18.486782, -33.846305], [18.486501, -33.84534], [18.486216, -33.844451], [18.48631, -33.84404], [18.48603, -33.84337], [18.48602, -33.84313], [18.48589, -33.84277], [18.4855, -33.84233], [18.48537, -33.8419], [18.48511, -33.84153], [18.48491, -33.84104], [18.48492, -33.84081], [18.48469, -33.84042], [18.48456, -33.83998], [18.48449, -33.83955], [18.48441, -33.83936], [18.484079, -33.83887], [18.483907, -33.838465], [18.483714, -33.837935], [18.483414, -33.837142], [18.483124, -33.836455], [18.482899, -33.835961], [18.482737, -33.8356], [18.48246, -33.835043], [18.482368, -33.83488], [18.482125, -33.834531], [18.481894, -33.834033], [18.481723, -33.833623], [18.481232, -33.832491], [18.480884, -33.831771], [18.480726, -33.831456], [18.480521, -33.831056], [18.480095, -33.830229], [18.479745, -33.829583], [18.479551, -33.829227], [18.478396, -33.827076], [18.477949, -33.826334], [18.477399, -33.825379], [18.476778, -33.824237], [18.476465, -33.823624], [18.476178, -33.823043], [18.475872, -33.822467], [18.47569, -33.822116], [18.47555, -33.821776], [18.475406, -33.82139], [18.47529, -33.821076], [18.475144, -33.820701], [18.475005, -33.820428], [18.474679, -33.819904], [18.474537, -33.819701], [18.474399, -33.819525], [18.474291, -33.819408], [18.474224, -33.819315], [18.47418, -33.819237], [18.474153, -33.819174], [18.474118, -33.819105], [18.474057, -33.818999], [18.473956, -33.818876], [18.473843, -33.818737], [18.473701, -33.818548], [18.473593, -33.818391], [18.473483, -33.818197], [18.4734, -33.818062], [18.473226, -33.817834], [18.473074, -33.817625], [18.472994, -33.817511], [18.472829, -33.817276], [18.47263, -33.817027], [18.472419, -33.816782], [18.472258, -33.8166], [18.472148, -33.816462], [18.471722, -33.815896], [18.471233, -33.815185], [18.470824, -33.814548], [18.470611, -33.814204], [18.470241, -33.813645], [18.470013, -33.813287], [18.469844, -33.812985], [18.46968, -33.812669], [18.469487, -33.812334], [18.469257, -33.811995], [18.469042, -33.811667], [18.468753, -33.811205], [18.468585, -33.810985], [18.468306, -33.810642], [18.468104, -33.810375], [18.467788, -33.809859], [18.467604, -33.809576], [18.46744, -33.809324], [18.467435, -33.809316], [18.466339, -33.807973], [18.465987, -33.80758], [18.465507, -33.807136], [18.465143, -33.806529], [18.464985, -33.806302], [18.464234, -33.805935], [18.463755, -33.805711], [18.463296, -33.805262], [18.462963, -33.805144], [18.462868, -33.805153], [18.462802, -33.80521], [18.462739, -33.805243], [18.462708, -33.805175], [18.462667, -33.805123], [18.462665, -33.8051], [18.462679, -33.805078], [18.462719, -33.805048], [18.462743, -33.804992], [18.462716, -33.80491], [18.462628, -33.804831], [18.462521, -33.804831], [18.462335, -33.804844], [18.462291, -33.804718], [18.462138, -33.804529], [18.462091, -33.804411], [18.462013, -33.80429], [18.461881, -33.80399], [18.461592, -33.80375], [18.460903, -33.803305], [18.460524, -33.803075], [18.460226, -33.802866], [18.459742, -33.80254], [18.459473, -33.802368], [18.4592, -33.802118], [18.458995, -33.80188], [18.458811, -33.80167], [18.458834, -33.801608], [18.458832, -33.801546], [18.458826, -33.801478], [18.458744, -33.801457], [18.458682, -33.801482], [18.45863, -33.80144], [18.458551, -33.801423], [18.458513, -33.801348], [18.458571, -33.801251], [18.458602, -33.801076], [18.458461, -33.800911], [18.458427, -33.800743], [18.45826, -33.800522], [18.458213, -33.800413], [18.458134, -33.800342], [18.45801, -33.800315], [18.457884, -33.800322], [18.457718, -33.800341], [18.457703, -33.800261], [18.457609, -33.800196], [18.457512, -33.800182], [18.457397, -33.800101], [18.457348, -33.800001], [18.457412, -33.799941], [18.457525, -33.79995], [18.4576, -33.79982], [18.457725, -33.799637], [18.457979, -33.799461], [18.458222, -33.79937], [18.458461, -33.799264], [18.458742, -33.799026], [18.458817, -33.798896], [18.45885, -33.79828], [18.458761, -33.797697], [18.458681, -33.797417], [18.458419, -33.796988], [18.457786, -33.796215], [18.457728, -33.796144], [18.4577, -33.79611], [18.45743, -33.79574], [18.45726, -33.7953], [18.45711, -33.79448], [18.4571, -33.79441], [18.45692, -33.79363], [18.45647, -33.79277], [18.45597, -33.79217], [18.455386, -33.791527], [18.454746, -33.791071], [18.454333, -33.790548], [18.454049, -33.789801], [18.453729, -33.788971], [18.453513, -33.788377], [18.453304, -33.787824], [18.452996, -33.786999], [18.452706, -33.786477], [18.452441, -33.786062], [18.45225, -33.78579], [18.45177, -33.78491], [18.4517, -33.78469], [18.451597, -33.784357], [18.45143, -33.784101], [18.4512, -33.78379], [18.45048, -33.78252], [18.44977, -33.78182], [18.44959, -33.78151], [18.44956, -33.7812], [18.449175, -33.780669], [18.44906, -33.7802], [18.44874, -33.77956], [18.448619, -33.77898], [18.44856, -33.7787], [18.4486, -33.77795], [18.44814, -33.77752], [18.44807, -33.777], [18.44777, -33.77663], [18.447728, -33.776478], [18.44752, -33.77573], [18.44704, -33.77498], [18.44698, -33.77442], [18.44671, -33.77401], [18.44668, -33.77355], [18.44644, -33.77324], [18.44638, -33.77281], [18.44597, -33.77201], [18.44593, -33.77183], [18.44603, -33.77154], [18.44598, -33.7711], [18.44598, -33.77086], [18.44571, -33.77039], [18.44563, -33.77007], [18.44513, -33.76887], [18.44505, -33.76876], [18.44506, -33.76844], [18.44472, -33.76784], [18.44468, -33.7673], [18.4443, -33.76617], [18.44399, -33.76564], [18.44363, -33.7642], [18.44346, -33.76377], [18.44339, -33.76321], [18.44322, -33.7629], [18.44324, -33.76266], [18.44311, -33.76237], [18.44309, -33.76201], [18.44299, -33.7618], [18.442898, -33.761106], [18.44283, -33.76059], [18.44288, -33.76032], [18.44281, -33.76016], [18.44257, -33.75988], [18.44256, -33.75942], [18.4424, -33.75923], [18.44233, -33.75866], [18.44206, -33.75786], [18.44188, -33.75685], [18.44182, -33.7564], [18.44176, -33.75617], [18.44186, -33.75598], [18.44188, -33.75569], [18.4418, -33.75555], [18.44172, -33.75527], [18.44177, -33.75512], [18.4417, -33.75462], [18.44178, -33.75424], [18.44163, -33.75356], [18.44166, -33.7526], [18.44147, -33.7517], [18.44179, -33.75095], [18.44186, -33.75053], [18.44189, -33.74996], [18.44173, -33.74953], [18.44143, -33.74802], [18.441456, -33.747951], [18.44153, -33.74775], [18.44148, -33.74713], [18.44078, -33.74533], [18.44047, -33.74404], [18.44024, -33.74347], [18.43999, -33.74317], [18.43969, -33.74243], [18.43963, -33.74199], [18.43933, -33.74144], [18.43917, -33.74102], [18.43899, -33.7406], [18.43881, -33.74043], [18.43875, -33.74022], [18.43817, -33.73943], [18.43784, -33.73909], [18.437594, -33.738824], [18.43733, -33.73854], [18.43708, -33.73814], [18.43669, -33.73783], [18.43638, -33.73747], [18.436275, -33.737176], [18.43623, -33.73705], [18.43597, -33.73666], [18.4355, -33.73601], [18.43547, -33.73549], [18.43554, -33.73509], [18.43547, -33.73367], [18.4356, -33.73324], [18.43546, -33.73282], [18.435267, -33.731796], [18.43524, -33.73165], [18.43538, -33.73145], [18.43571, -33.73124], [18.4362, -33.73043], [18.43628, -33.73], [18.43632, -33.72978], [18.43647, -33.72959], [18.43691, -33.72934], [18.43769, -33.72909], [18.43803, -33.72901], [18.43831, -33.72885], [18.43903, -33.72825], [18.4396, -33.72808], [18.44015, -33.72774], [18.44129, -33.72666], [18.44144, -33.72637], [18.44181, -33.72611], [18.4422, -33.72539], [18.44246, -33.72511], [18.44292, -33.72413], [18.44307, -33.72372], [18.44314, -33.72268], [18.44325, -33.72182], [18.44373, -33.72118], [18.44388, -33.72075], [18.44391, -33.72044], [18.4441, -33.72005], [18.4442, -33.71997], [18.44425, -33.71917], [18.44427, -33.71872], [18.44418, -33.71794], [18.44385, -33.71722], [18.44365, -33.71654], [18.44364, -33.71632], [18.44341, -33.71608], [18.44334, -33.71588], [18.44339, -33.71566], [18.44363, -33.71489], [18.44374, -33.71457], [18.44368, -33.71447], [18.44379, -33.71407], [18.44415, -33.71376], [18.44434, -33.71361], [18.44428, -33.7134], [18.44398, -33.71331], [18.4439, -33.71315], [18.44382, -33.71271], [18.44361, -33.71234], [18.44353, -33.71155], [18.44343, -33.71098], [18.44342, -33.71096], [18.44324, -33.71059], [18.44333, -33.71016], [18.44303, -33.70968], [18.44302, -33.70945], [18.44311, -33.70926], [18.44316, -33.70913], [18.4429, -33.7089], [18.44277, -33.70848], [18.44265, -33.70822], [18.44273, -33.70794], [18.44249, -33.70762], [18.44245, -33.70723], [18.44243, -33.70716], [18.44228, -33.7069], [18.44217, -33.70634], [18.44205, -33.70556], [18.44178, -33.70507], [18.44173, -33.70486], [18.4418, -33.70465], [18.44156, -33.70434], [18.44159, -33.70405], [18.44142, -33.7037], [18.44147, -33.7036], [18.44139, -33.70303], [18.44129, -33.70283], [18.44131, -33.70261], [18.44133, -33.70245], [18.4411, -33.70226], [18.44099, -33.70183], [18.44084, -33.70141], [18.44071, -33.70098], [18.44079, -33.70078], [18.44068, -33.70057], [18.44062, -33.70013], [18.44044, -33.69991], [18.44041, -33.69965], [18.44018, -33.69907], [18.44018, -33.69896], [18.43997, -33.69836], [18.43998, -33.6982], [18.43971, -33.69782], [18.43973, -33.69742], [18.43949, -33.69699], [18.43929, -33.69645], [18.43914, -33.69607], [18.43903, -33.69601], [18.43879, -33.69562], [18.43872, -33.69518], [18.43875, -33.695], [18.43858, -33.69471], [18.4386, -33.69452], [18.43847, -33.69429], [18.43832, -33.69391], [18.43798, -33.69319], [18.43793, -33.69275], [18.43796, -33.69256], [18.43767, -33.69234], [18.43754, -33.69201], [18.43745, -33.69196], [18.43734, -33.6917], [18.43718, -33.69159], [18.43692, -33.69121], [18.43665, -33.69103], [18.43648, -33.6908], [18.43644, -33.69052], [18.43626, -33.69033], [18.43594, -33.69018], [18.43576, -33.68983], [18.43546, -33.68946], [18.43513, -33.68947], [18.4352, -33.68927], [18.43493, -33.6889], [18.43487, -33.68873], [18.43513, -33.68858], [18.43524, -33.68843], [18.43533, -33.68826], [18.43525, -33.68801], [18.43495, -33.68765], [18.43482, -33.68722], [18.43463, -33.68708], [18.4346, -33.68685], [18.43443, -33.68644], [18.43434, -33.686], [18.43422, -33.68577], [18.43406, -33.68545], [18.43386, -33.68522], [18.43382, -33.68508], [18.4337, -33.68492], [18.43353, -33.68412], [18.43328, -33.68388], [18.43316, -33.68364], [18.433, -33.68333], [18.43305, -33.6832], [18.43296, -33.68312], [18.43283, -33.6827], [18.43264, -33.68229], [18.43241, -33.68169], [18.43231, -33.68126], [18.43213, -33.68096], [18.431808, -33.681058], [18.431482, -33.681119], [18.43127, -33.681129], [18.431134, -33.681136], [18.430784, -33.680642], [18.431336, -33.680333], [18.43142, -33.680274], [18.431514, -33.680193], [18.431609, -33.680101], [18.431684, -33.680011], [18.431743, -33.679922], [18.431792, -33.679846], [18.431872, -33.67968], [18.431484, -33.679552], [18.431311, -33.679892], [18.431269, -33.679982], [18.431202, -33.680093], [18.431126, -33.680187], [18.43105, -33.68027], [18.430974, -33.680326], [18.430819, -33.680426], [18.430675, -33.680509], [18.430452, -33.680121], [18.430742, -33.679821], [18.430954, -33.67954], [18.43104, -33.67933], [18.43061, -33.67855], [18.426, -33.67869], [18.42531, -33.67862], [18.42457, -33.67844], [18.421366, -33.677172], [18.421396, -33.677122], [18.42325, -33.676411], [18.423283, -33.676367], [18.423451, -33.676417], [18.423918, -33.67624], [18.426368, -33.675302], [18.427517, -33.674445], [18.428008, -33.674079], [18.42818, -33.67395], [18.42818, -33.6737], [18.42787, -33.67322], [18.42786, -33.67307], [18.42729, -33.67219], [18.42731, -33.672], [18.42726, -33.6719], [18.42708, -33.67155], [18.42712, -33.67131], [18.427156, -33.671092], [18.42719, -33.67088], [18.42698, -33.67047], [18.42685, -33.66997], [18.42664, -33.66976], [18.42651, -33.66967], [18.42656, -33.6694], [18.42621, -33.66894], [18.42581, -33.66848], [18.42572, -33.66824], [18.42555, -33.66813], [18.42551, -33.66794], [18.42518, -33.66761], [18.42507, -33.66708], [18.42482, -33.66686], [18.42478, -33.66672], [18.42479, -33.66664], [18.42448, -33.66588], [18.42417, -33.66553], [18.42401, -33.66511], [18.42379, -33.6647], [18.42374, -33.66427], [18.42339, -33.66395], [18.42336, -33.66381], [18.42304, -33.66315], [18.42268, -33.66245], [18.4224, -33.662], [18.42238, -33.66173], [18.42214, -33.66136], [18.42187, -33.66074], [18.42157, -33.66028], [18.42139, -33.65988], [18.42114, -33.65951], [18.42108, -33.65922], [18.42097, -33.65911], [18.42077, -33.65875], [18.42043, -33.65802], [18.420325, -33.657692], [18.42024, -33.6576], [18.42, -33.65725], [18.41978, -33.6571], [18.41946, -33.65662], [18.4191, -33.6562], [18.41876, -33.65573], [18.41861, -33.65557], [18.41834, -33.65516], [18.41825, -33.65502], [18.41774, -33.65447], [18.41769, -33.65421], [18.41742, -33.65389], [18.41719, -33.65349], [18.41693, -33.65295], [18.41661, -33.65246], [18.41634, -33.65203], [18.41609, -33.65167], [18.41566, -33.65106], [18.41533, -33.65055], [18.4151, -33.65018], [18.41471, -33.64967], [18.41439, -33.64907], [18.41426, -33.64888], [18.41427, -33.64878], [18.41398, -33.64855], [18.41356, -33.64797], [18.41329, -33.64762], [18.41295, -33.64721], [18.41268, -33.64679], [18.41243, -33.64641], [18.41137, -33.64525], [18.41139, -33.64514], [18.41122, -33.64508], [18.41117, -33.64492], [18.41073, -33.64464], [18.40987, -33.64385], [18.40941, -33.64345], [18.40882, -33.64296], [18.40845, -33.64256], [18.40781, -33.64188], [18.40711, -33.64093], [18.40685, -33.64058], [18.4066, -33.64006], [18.40636, -33.63943], [18.40625, -33.63899], [18.40614, -33.63856], [18.40601, -33.63818], [18.40597, -33.63806], [18.40605, -33.63801], [18.4061, -33.63781], [18.40604, -33.63752], [18.4059, -33.63737], [18.40571, -33.63693], [18.40551, -33.63659], [18.40547, -33.63621], [18.40527, -33.63585], [18.40525, -33.63566], [18.40467, -33.63463], [18.4044, -33.6343], [18.40419, -33.6339], [18.40384, -33.63337], [18.40357, -33.63298], [18.40343, -33.63289], [18.40335, -33.63261], [18.40298, -33.63229], [18.40263, -33.63197], [18.40215, -33.6315], [18.40191, -33.6311], [18.401264, -33.630364], [18.401111, -33.630226], [18.400906, -33.629975], [18.40078, -33.629804], [18.400588, -33.629659], [18.400248, -33.629348], [18.399878, -33.62902], [18.39944, -33.62857], [18.39922, -33.62817], [18.39882, -33.62763], [18.398566, -33.627236], [18.398336, -33.626849], [18.39818, -33.626675], [18.39807, -33.62647], [18.39789, -33.62623], [18.39773, -33.62614], [18.39742, -33.62567], [18.39719, -33.6255], [18.39706, -33.62518], [18.39654, -33.62473], [18.39626, -33.62435], [18.39602, -33.62413], [18.39586, -33.62383], [18.39556, -33.62336], [18.39535, -33.62319], [18.39518, -33.62314], [18.39487, -33.62287], [18.39461, -33.6227], [18.39359, -33.62235], [18.39294, -33.62214], [18.392712, -33.62209], [18.392622, -33.622074], [18.39256, -33.622062], [18.392524, -33.62203], [18.392436, -33.622002], [18.392349, -33.621957], [18.392257, -33.621949], [18.392155, -33.62188], [18.392081, -33.621829], [18.392094, -33.621756], [18.39207, -33.621644], [18.392013, -33.621546], [18.391922, -33.621397], [18.391739, -33.621296], [18.39154, -33.62121], [18.391417, -33.621189], [18.391299, -33.621189], [18.391102, -33.621245], [18.39096, -33.62121], [18.39041, -33.62131], [18.3902, -33.621389], [18.390186, -33.621454], [18.39002, -33.6215], [18.389779, -33.621401], [18.38949, -33.62141], [18.38941, -33.62131], [18.389034, -33.621155], [18.388901, -33.621014], [18.38881, -33.62086], [18.38869, -33.62082], [18.38849, -33.62064], [18.38807, -33.62065], [18.38715, -33.62073], [18.38692, -33.62083], [18.386684, -33.620912], [18.386648, -33.620954], [18.38591, -33.62134], [18.385582, -33.621439], [18.385418, -33.621452], [18.385311, -33.621401], [18.385275, -33.62134], [18.385298, -33.621279], [18.38545, -33.62114], [18.38577, -33.62069], [18.385758, -33.620436], [18.38573, -33.62031], [18.385496, -33.619901], [18.385343, -33.619714], [18.385162, -33.619565], [18.38459, -33.619272], [18.38435, -33.6192], [18.38402, -33.61903], [18.38361, -33.61891], [18.38335, -33.61893], [18.38277, -33.6194], [18.38243, -33.61941], [18.38227, -33.61948], [18.38216, -33.61962], [18.38191, -33.61963], [18.3815, -33.61965], [18.381264, -33.619613], [18.381071, -33.619662], [18.38083, -33.619579], [18.38074, -33.619471], [18.3806, -33.61934], [18.38059, -33.61924], [18.3804, -33.61913], [18.380035, -33.618997], [18.37991, -33.619033], [18.379881, -33.618947], [18.379861, -33.618857], [18.37966, -33.6187], [18.379585, -33.618545], [18.379279, -33.61846], [18.378997, -33.618454], [18.378874, -33.618598], [18.37815, -33.61861], [18.37788, -33.61858], [18.37768, -33.61868], [18.37721, -33.61851], [18.37697, -33.61823], [18.37699, -33.61817], [18.37718, -33.61814], [18.37719, -33.61804], [18.37661, -33.61773], [18.37665, -33.61761], [18.37654, -33.61752], [18.37649, -33.61731], [18.37627, -33.61709], [18.37637, -33.617], [18.37632, -33.6169], [18.37608, -33.61692], [18.37614, -33.61677], [18.37595, -33.61638], [18.37578, -33.61629], [18.37568, -33.61607], [18.37549, -33.61594], [18.37546, -33.61571], [18.37545, -33.61546], [18.37533, -33.6153], [18.37504, -33.61514], [18.37497, -33.61501], [18.37481, -33.61459], [18.37475, -33.61425], [18.37458, -33.61398], [18.3742, -33.61327], [18.37399, -33.6129], [18.37373, -33.61282], [18.37368, -33.61265], [18.37323, -33.61242], [18.37297, -33.61236], [18.37286, -33.61217], [18.37278, -33.61203], [18.37247, -33.6119], [18.37192, -33.61149], [18.37161, -33.61105], [18.37161, -33.61084], [18.371712, -33.610759], [18.372369, -33.610672], [18.372496, -33.610608], [18.372879, -33.610417], [18.373085, -33.610261], [18.37322, -33.61005], [18.373595, -33.608939], [18.373634, -33.608565], [18.373594, -33.608227], [18.373687, -33.60792], [18.373785, -33.607808], [18.373777, -33.607645], [18.373447, -33.607167], [18.373174, -33.606808], [18.37299, -33.60646], [18.37221, -33.60517], [18.37198, -33.60483], [18.371786, -33.604559], [18.371554, -33.604292], [18.371312, -33.603957], [18.371037, -33.603443], [18.37056, -33.6027], [18.370353, -33.602458], [18.370264, -33.60214], [18.370093, -33.601967], [18.3698, -33.601961], [18.369634, -33.601994], [18.3695, -33.60202], [18.369396, -33.601836], [18.369344, -33.601719], [18.369163, -33.601597], [18.368864, -33.60121], [18.368648, -33.600848], [18.368551, -33.600692], [18.368379, -33.600538], [18.368171, -33.600403], [18.367925, -33.600212], [18.367705, -33.600038], [18.367131, -33.599664], [18.366721, -33.599395], [18.366087, -33.599056], [18.365629, -33.598897], [18.36542, -33.59888], [18.36484, -33.59866], [18.36429, -33.59869], [18.36397, -33.59858], [18.363831, -33.598604], [18.36345, -33.59867], [18.36321, -33.5986], [18.362932, -33.598639], [18.36242, -33.59861], [18.36223, -33.59863], [18.36195, -33.5988], [18.36179, -33.59891], [18.361722, -33.59904], [18.36159, -33.59906], [18.36146, -33.59903], [18.360997, -33.59927], [18.360824, -33.599367], [18.360716, -33.599487], [18.360451, -33.599444], [18.360479, -33.599526], [18.360678, -33.599681], [18.360575, -33.599692], [18.36043, -33.59967], [18.35988, -33.59955], [18.3589, -33.59952], [18.35873, -33.59944], [18.35863, -33.59943], [18.35854, -33.59932], [18.35834, -33.59936], [18.35823, -33.59928], [18.35832, -33.59917], [18.35816, -33.59899], [18.35802, -33.59897], [18.35792, -33.59906], [18.35789, -33.59896], [18.35768, -33.59894], [18.35703, -33.59888], [18.35693, -33.5988], [18.35692, -33.59863], [18.35669, -33.5986], [18.35674, -33.59853], [18.35684, -33.59812], [18.35707, -33.59805], [18.35699, -33.59789], [18.35711, -33.59792], [18.35714, -33.59786], [18.35732, -33.59811], [18.35735, -33.5981], [18.3574, -33.59803], [18.35748, -33.59806], [18.35762, -33.59809], [18.35785, -33.59812], [18.35811, -33.59802], [18.358521, -33.598014], [18.358818, -33.597919], [18.35897, -33.59773], [18.35917, -33.59765], [18.3593, -33.59709], [18.35925, -33.59697], [18.3592, -33.59683], [18.35939, -33.59674], [18.35942, -33.59664], [18.35938, -33.59654], [18.35961, -33.59643], [18.35956, -33.59627], [18.35992, -33.59612], [18.35993, -33.59604], [18.35999, -33.59594], [18.35986, -33.59582], [18.36009, -33.59577], [18.36052, -33.5956], [18.36098, -33.59538], [18.36106, -33.59515], [18.361051, -33.595073], [18.360984, -33.595013], [18.360866, -33.59495], [18.36093, -33.59478], [18.3613, -33.59487], [18.36154, -33.59465], [18.36153, -33.59455], [18.36162, -33.59455], [18.36162, -33.59447], [18.36133, -33.5943], [18.36134, -33.59419], [18.361231, -33.594004], [18.361163, -33.593929], [18.36119, -33.59384], [18.36127, -33.59371], [18.3614, -33.59369], [18.361485, -33.593708], [18.361537, -33.593617], [18.361566, -33.59355], [18.361608, -33.593406], [18.361604, -33.593296], [18.361585, -33.593212], [18.361529, -33.593157], [18.361525, -33.593142], [18.36152, -33.59299], [18.36167, -33.5929], [18.36173, -33.5927], [18.36164, -33.59249], [18.36158, -33.59228], [18.36147, -33.59226], [18.36143, -33.59233], [18.36094, -33.59224], [18.36081, -33.59224], [18.36059, -33.59197], [18.3604, -33.59176], [18.36019, -33.5917], [18.35966, -33.59162], [18.35945, -33.59173], [18.35931, -33.59149], [18.35938, -33.59142], [18.35932, -33.59134], [18.35902, -33.59138], [18.35878, -33.59128], [18.35869, -33.59108], [18.35872, -33.5909], [18.35903, -33.59065], [18.35956, -33.59055], [18.35969, -33.59042], [18.36022, -33.59038], [18.360802, -33.590328], [18.360847, -33.59011], [18.3609, -33.589741], [18.360953, -33.589348], [18.360944, -33.589005], [18.360875, -33.588604], [18.360768, -33.588291], [18.360625, -33.587983], [18.360483, -33.587753], [18.360302, -33.587532], [18.360168, -33.587409], [18.359998, -33.587244], [18.359933, -33.587103], [18.35977, -33.586977], [18.35955, -33.586834], [18.359397, -33.586647], [18.35931, -33.586424], [18.359092, -33.586232], [18.358943, -33.586063], [18.358805, -33.585903], [18.358765, -33.585591], [18.358718, -33.585436], [18.358541, -33.585316], [18.35848, -33.58516], [18.35843, -33.584828], [18.358323, -33.584593], [18.358325, -33.584463], [18.358068, -33.58432], [18.35808, -33.584156], [18.358139, -33.584038], [18.358103, -33.58382], [18.357997, -33.583572], [18.35782, -33.58341], [18.357878, -33.583275], [18.35783, -33.583057], [18.357648, -33.582932], [18.357656, -33.582687], [18.357488, -33.582575], [18.357417, -33.582539], [18.3574, -33.582424], [18.357114, -33.58218], [18.356941, -33.582037], [18.356909, -33.581877], [18.356773, -33.58159], [18.356462, -33.581373], [18.356362, -33.581302], [18.355954, -33.580869], [18.355641, -33.580425], [18.35531, -33.580089], [18.355062, -33.579746], [18.35459, -33.579287], [18.354388, -33.578937], [18.354028, -33.578514], [18.353865, -33.57837], [18.353818, -33.578299], [18.353571, -33.578243], [18.353385, -33.578028], [18.352992, -33.577593], [18.352784, -33.577357], [18.352643, -33.577187], [18.352465, -33.576978], [18.352184, -33.576943], [18.35195, -33.576784], [18.351644, -33.57653], [18.351312, -33.576153], [18.351054, -33.576022], [18.350789, -33.575747], [18.35056, -33.575474], [18.350378, -33.575276], [18.350166, -33.575032], [18.349978, -33.574848], [18.349741, -33.574677], [18.34968, -33.574637], [18.349587, -33.574573], [18.3494, -33.574469], [18.34915, -33.5744], [18.348968, -33.574314], [18.348782, -33.574188], [18.348469, -33.573968], [18.348255, -33.573784], [18.348021, -33.573663], [18.347843, -33.573568], [18.347657, -33.573373], [18.347411, -33.573204], [18.346283, -33.572504], [18.345388, -33.571901], [18.344696, -33.571439], [18.344278, -33.571352], [18.343999, -33.57111], [18.343439, -33.571078], [18.343052, -33.570893], [18.34278, -33.56883], [18.34132, -33.55859], [18.34363, -33.55667], [18.36039, -33.54888], [18.35936, -33.54227], [18.36915, -33.52529], [18.38369, -33.51167], [18.38882, -33.50891], [18.40246, -33.514305], [18.426163, -33.511183], [18.439898, -33.497908], [18.4476, -33.485015], [18.455458, -33.471276], [18.48485, -33.47772], [18.49575, -33.48113], [18.50943, -33.48955], [18.514, -33.49619], [18.514158, -33.496302], [18.52451, -33.50364], [18.52309, -33.51882], [18.52416, -33.52523], [18.524222, -33.525239], [18.524311, -33.525253], [18.52566, -33.52546], [18.52733, -33.52571], [18.5362, -33.52706], [18.53641, -33.52709], [18.53653, -33.52711], [18.5369, -33.52706], [18.5402, -33.52663], [18.540547, -33.526598], [18.541186, -33.5265], [18.54719, -33.52571], [18.55796, -33.5243], [18.56403, -33.5235], [18.56871, -33.52652], [18.56974, -33.52718], [18.57642, -33.53148], [18.57645, -33.53171], [18.576724, -33.53373], [18.577058, -33.536185], [18.577295, -33.537954], [18.577771, -33.541514], [18.578248, -33.545073], [18.57827, -33.54524], [18.578488, -33.546851], [18.578729, -33.548626], [18.57882, -33.5493], [18.57888, -33.54975], [18.57921, -33.552177], [18.57935, -33.55321], [18.57949, -33.55426], [18.579694, -33.555758], [18.57996, -33.55772], [18.57933, -33.55797], [18.5777, -33.55859], [18.57726, -33.55876], [18.56859, -33.56209], [18.56917, -33.56324], [18.57074, -33.56633], [18.57146, -33.56776], [18.57287, -33.57053], [18.57326, -33.57131], [18.57375, -33.57227], [18.57437, -33.5735], [18.57924, -33.57539], [18.58293, -33.57681], [18.58449, -33.57742], [18.58728, -33.5785], [18.58999, -33.57955], [18.59468, -33.58136], [18.59534, -33.58162], [18.596393, -33.582009], [18.60497, -33.58518], [18.60576, -33.58547], [18.6059, -33.58552], [18.610378, -33.585099], [18.610602, -33.585077], [18.61078, -33.58506], [18.611742, -33.584968], [18.61193, -33.58495], [18.614657, -33.584685], [18.615391, -33.584607], [18.6162, -33.584534], [18.616367, -33.584518], [18.616667, -33.584489], [18.61799, -33.58436], [18.61947, -33.59255], [18.619477, -33.59259], [18.62011, -33.59596], [18.62143, -33.60826], [18.62162, -33.61006], [18.62208, -33.61455], [18.627, -33.62459], [18.63009, -33.62638], [18.637838, -33.631068], [18.64138, -33.63322], [18.64496, -33.63574], [18.65212, -33.63455], [18.65537, -33.63406], [18.655253, -33.634189], [18.655165, -33.63428], [18.65552, -33.63459], [18.66379, -33.64323], [18.66622, -33.645775], [18.66919, -33.64888], [18.67085, -33.64742], [18.687718, -33.663323], [18.68966, -33.665154], [18.68974, -33.66523], [18.69008, -33.66709], [18.69267, -33.68127], [18.69332, -33.68127], [18.70609, -33.68134], [18.7069, -33.68134], [18.707126, -33.681091], [18.71187, -33.67587], [18.722081, -33.681229], [18.722168, -33.681275], [18.723946, -33.682209], [18.724115, -33.682297], [18.73037, -33.68558], [18.730495, -33.685608], [18.731586, -33.685857], [18.736516, -33.686981], [18.73673, -33.68703], [18.74764, -33.67932], [18.74927, -33.67817], [18.752, -33.67683], [18.75415, -33.6649], [18.7598, -33.665575], [18.76322, -33.64892], [18.778033, -33.64911], [18.784394, -33.640654], [18.78444, -33.6406], [18.78746, -33.63762], [18.78754, -33.63763], [18.79326, -33.63822], [18.80117, -33.639045], [18.80169, -33.63911], [18.80609, -33.6397], [18.8134, -33.64066], [18.81398, -33.64074], [18.82175, -33.64177], [18.8219, -33.64179], [18.82189, -33.64182], [18.82108, -33.64356], [18.81623, -33.65189], [18.8155, -33.65315], [18.8147, -33.65453], [18.81387, -33.65595], [18.81267, -33.657775], [18.8091, -33.66319], [18.80598, -33.66791], [18.80319, -33.67216], [18.80222, -33.67362], [18.80215, -33.673725], [18.79371, -33.67943], [18.79565, -33.69045], [18.795902, -33.692933], [18.79614, -33.69527], [18.79459, -33.70683], [18.79536, -33.70738], [18.79551, -33.7074], [18.79571, -33.70743], [18.796, -33.70749], [18.79636, -33.70757], [18.79686, -33.7077], [18.79728, -33.7078], [18.79765, -33.70785], [18.79802, -33.70788], [18.79831, -33.70785], [18.79849, -33.70783], [18.79874, -33.70776], [18.79895, -33.70767], [18.79912, -33.70757], [18.79936, -33.70741], [18.79957, -33.70722], [18.79984, -33.70694], [18.80018, -33.70657], [18.80043, -33.70628], [18.80054, -33.70611], [18.80077, -33.70584], [18.8009, -33.70568], [18.8011, -33.7055], [18.80136, -33.70529], [18.80162, -33.70515], [18.80175, -33.7051], [18.80193, -33.70505], [18.80204, -33.70506], [18.80222, -33.70507], [18.80236, -33.7051], [18.80251, -33.70514], [18.80271, -33.70523], [18.80296, -33.70537], [18.8032, -33.70551], [18.80341, -33.70563], [18.80364, -33.70575], [18.80382, -33.70583], [18.80399, -33.7059], [18.80402, -33.706], [18.80435, -33.70701], [18.80616, -33.71017], [18.80925, -33.70897], [18.81019, -33.71368], [18.8134, -33.71311], [18.81261, -33.7084], [18.813215, -33.70645], [18.81432, -33.7064], [18.818857, -33.706936], [18.82199, -33.7083], [18.821661, -33.711978], [18.82108, -33.7166], [18.8182, -33.72231], [18.82086, -33.72568], [18.82061, -33.72589], [18.820653, -33.725936], [18.821873, -33.727246], [18.821943, -33.727322], [18.823102, -33.728568], [18.823235, -33.728704], [18.824863, -33.730459], [18.825519, -33.731172], [18.82562, -33.73128], [18.833, -33.73817], [18.828564, -33.738662], [18.80946, -33.74078], [18.80989, -33.75212], [18.8101, -33.75776], [18.81099, -33.75879], [18.81092, -33.75883], [18.8075, -33.76072], [18.806301, -33.761185], [18.80495, -33.76164], [18.799797, -33.76314], [18.78894, -33.7663], [18.787651, -33.766683], [18.79187, -33.76948], [18.79908, -33.77426], [18.80238, -33.77644], [18.80977, -33.78133], [18.79624, -33.79816], [18.78929, -33.80148], [18.78924, -33.8015], [18.784765, -33.803638], [18.784762, -33.803636], [18.784427, -33.803787], [18.784469, -33.803941], [18.78466, -33.804631], [18.784892, -33.805541], [18.785141, -33.806446], [18.785373, -33.807332], [18.785474, -33.80773], [18.785837, -33.809093], [18.786141, -33.81033], [18.786408, -33.811335], [18.78645, -33.81146], [18.786682, -33.812388], [18.78695, -33.813435], [18.787366, -33.81478], [18.787455, -33.814982], [18.787527, -33.815119], [18.78758, -33.815214], [18.787721, -33.81546], [18.787842, -33.815636], [18.788038, -33.815898], [18.788217, -33.816094], [18.788324, -33.816213], [18.788354, -33.816237], [18.788574, -33.816481], [18.788895, -33.816713], [18.78924, -33.816975], [18.789722, -33.817266], [18.790233, -33.817552], [18.79064, -33.81774], [18.79115, -33.81804], [18.79202, -33.81902], [18.79243, -33.81918], [18.79257, -33.81921], [18.792468, -33.819271], [18.792272, -33.819294], [18.792225, -33.819312], [18.792159, -33.819408], [18.79207, -33.819479], [18.791975, -33.819491], [18.791802, -33.819533], [18.790934, -33.819782], [18.790101, -33.820008], [18.789748, -33.820106], [18.789737, -33.820104], [18.78976, -33.82015], [18.78573, -33.82128], [18.78572, -33.82121], [18.78335, -33.82187], [18.77816, -33.82332], [18.77247, -33.82491], [18.77239, -33.82493], [18.77131, -33.82523], [18.76777, -33.82622], [18.76778, -33.82629], [18.767794, -33.826438], [18.767808, -33.826591], [18.76782, -33.82673], [18.76782, -33.82677], [18.76811, -33.82973], [18.76839, -33.83269], [18.76711, -33.83278], [18.7638, -33.833], [18.76165, -33.83315], [18.76067, -33.83321], [18.75672, -33.83347], [18.75661, -33.83348], [18.75405, -33.83389], [18.754, -33.8339], [18.75397, -33.8339], [18.753895, -33.83392], [18.75287, -33.83442], [18.75286, -33.83478], [18.75288, -33.83528], [18.75288, -33.8355], [18.752936, -33.838716], [18.75299, -33.84179], [18.752993, -33.841934], [18.752995, -33.84204], [18.753, -33.8423], [18.753, -33.84243], [18.75301, -33.84323], [18.753085, -33.847665], [18.75309, -33.84774], [18.75309, -33.847759], [18.753115, -33.849985], [18.75151, -33.85224], [18.75078, -33.85326], [18.748464, -33.856523], [18.74831, -33.85674], [18.746441, -33.859367], [18.746297, -33.859569], [18.74619, -33.85972], [18.74597, -33.860035], [18.745859, -33.860185], [18.745795, -33.86028], [18.74578, -33.862505], [18.745892, -33.865875], [18.745794, -33.869943], [18.74573, -33.8711], [18.74572, -33.87395], [18.74756, -33.87667], [18.75066, -33.88125], [18.75291, -33.884522], [18.75289, -33.884621], [18.752831, -33.885029], [18.752, -33.89027], [18.751391, -33.893509], [18.751381, -33.893539], [18.745939, -33.88744], [18.745911, -33.88731], [18.74572, -33.88744], [18.745632, -33.887504], [18.74548, -33.887612], [18.745199, -33.887821], [18.745153, -33.887855], [18.74481, -33.888111], [18.744749, -33.888149], [18.74473, -33.888168], [18.743669, -33.888962], [18.74316, -33.889309], [18.74312, -33.88934], [18.74295, -33.889439], [18.74287, -33.889488], [18.7416, -33.890412], [18.73938, -33.89193], [18.739189, -33.892052], [18.73913, -33.892078], [18.73875, -33.892342], [18.738291, -33.892681], [18.73707, -33.89349], [18.73562, -33.89103], [18.72616, -33.894451], [18.72367, -33.895356], [18.723441, -33.895439], [18.72117, -33.89645], [18.718889, -33.897469], [18.717251, -33.898472], [18.71665, -33.90007], [18.71657, -33.90197], [18.71793, -33.90271], [18.71862, -33.903091], [18.719311, -33.903462], [18.71716, -33.90559], [18.7153, -33.903621], [18.71514, -33.904201], [18.71403, -33.907207], [18.71295, -33.910129], [18.712403, -33.911619], [18.708341, -33.92266]]]}}, {"type": "Feature", "properties": {"layer": "rail"}, "geometry": {"type": "LineString", "coordinates": [[18.623819, -33.905822], [18.630209, -33.907204], [18.61916, -33.905148], [18.561704, -33.910647], [18.535328, -33.918495], [18.483564, -33.925186], [18.496497, -33.925198], [18.490563, -33.940204], [18.492033, -33.945466], [18.502566, -33.953648], [18.501259, -33.979955], [18.504098, -33.989464], [18.502146, -33.999909], [18.486294, -34.030591], [18.46632, -34.041334], [18.473316, -33.999097], [18.472293, -33.990472], [18.466945, -33.980539], [18.473914, -33.947678], [18.469206, -33.930439], [18.464669, -33.927416], [18.432579, -33.925919], [18.425196, -33.92287]]}}, {"type": "Feature", "properties": {"layer": "rail"}, "geometry": {"type": "LineString", "coordinates": [[18.429368, -33.924766], [18.467237, -33.927329], [18.496068, -33.924444], [18.490855, -33.94195], [18.502741, -33.953673], [18.501302, -33.979901], [18.504183, -33.988926], [18.502134, -34.000052], [18.486397, -34.030521], [18.466582, -34.040158], [18.462912, -34.056201], [18.462446, -34.087616], [18.467378, -34.096837], [18.468842, -34.108075], [18.465812, -34.113543], [18.448662, -34.12743], [18.447279, -34.132096], [18.43854, -34.132048], [18.431927, -34.138525], [18.438534, -34.132019], [18.447359, -34.131982], [18.448562, -34.127481], [18.465679, -34.113618], [18.468874, -34.107877], [18.467342, -34.096854], [18.462407, -34.087615], [18.46287, -34.056212], [18.46632, -34.041334]]}}, {"type": "Feature", "properties": {"layer": "rail"}, "geometry": {"type": "LineString", "coordinates": [[18.431927, -34.138525], [18.439781, -34.149913], [18.431005, -34.160751], [18.432363, -34.166035], [18.425993, -34.178149], [18.425626, -34.187368]]}}, {"type": "Feature", "properties": {"layer": "rail"}, "geometry": {"type": "LineString", "coordinates": [[18.42638, -33.921725], [18.43653, -33.925406], [18.473881, -33.921019], [18.495667, -33.914855], [18.52028, -33.895101], [18.566295, -33.889178], [18.586779, -33.897019], [18.605589, -33.899343], [18.615112, -33.904576], [18.634051, -33.907437], [18.654578, -33.905614], [18.691503, -33.878653], [18.703929, -33.863188], [18.728732, -33.843755], [18.756819, -33.83352], [18.790676, -33.831289], [18.824725, -33.834114], [18.83234, -33.824479], [18.837324, -33.810432], [18.842644, -33.806309], [18.860612, -33.808497], [18.888457, -33.801362], [18.909433, -33.800994], [18.948736, -33.787744], [18.962996, -33.773611], [18.965299, -33.757661], [18.974206, -33.745292], [18.983932, -33.690578], [18.985619, -33.658973], [18.992462, -33.632163], [18.989583, -33.618219], [18.993074, -33.613468], [18.989625, -33.618386], [18.992553, -33.63195], [18.985603, -33.659377], [18.983861, -33.6913], [18.974292, -33.745117], [18.969225, -33.752848]]}}, {"type": "Feature", "properties": {"layer": "rail"}, "geometry": {"type": "LineString", "coordinates": [[18.484505, -33.925071], [18.50634, -33.922224], [18.491095, -33.916241], [18.497571, -33.917494], [18.504336, -33.923024], [18.51146, -33.921725], [18.478881, -33.926096], [18.470172, -33.930448], [18.470995, -33.936137]]}}, {"type": "Feature", "properties": {"layer": "rail"}, "geometry": {"type": "LineString", "coordinates": [[18.580348, -34.013666], [18.609811, -34.013948], [18.621548, -34.019171], [18.657683, -34.017954], [18.674041, -34.05359], [18.710606, -34.054846]]}}, {"type": "Feature", "properties": {"layer": "rail"}, "geometry": {"type": "LineString", "coordinates": [[18.553572, -33.94217], [18.561678, -33.943079], [18.563977, -33.95027], [18.559642, -33.997749], [18.567445, -34.010964], [18.574197, -34.013975], [18.609926, -34.013876], [18.621316, -34.018995], [18.657677, -34.017914], [18.67401, -34.053518], [18.710606, -34.054739]]}}, {"type": "Feature", "properties": {"layer": "rail"}, "geometry": {"type": "LineString", "coordinates": [[18.564128, -34.005234], [18.566397, -34.010957], [18.572166, -34.013782], [18.594414, -34.012846], [18.600247, -34.01548], [18.62261, -34.057661], [18.62034, -34.068456]]}}, {"type": "Feature", "properties": {"layer": "rail"}, "geometry": {"type": "LineString", "coordinates": [[18.564167, -34.005218], [18.566484, -34.01099], [18.572237, -34.013763], [18.594573, -34.012814], [18.600457, -34.0156], [18.622524, -34.057259], [18.620383, -34.068467]]}}, {"type": "Feature", "properties": {"layer": "rail"}, "geometry": {"type": "LineString", "coordinates": [[18.830736, -33.827045], [18.814581, -33.860544], [18.821214, -33.877254], [18.850016, -33.91115], [18.8541, -33.923877], [18.851362, -33.935896], [18.846465, -33.941367], [18.78491, -33.970484], [18.769829, -33.982652], [18.753411, -34.004389], [18.744127, -34.006166], [18.733312, -34.001994], [18.743958, -34.024338], [18.750958, -34.028003], [18.760693, -34.041168], [18.78625, -34.051596], [18.832276, -34.080559], [18.84414, -34.085296], [18.849014, -34.093892], [18.856222, -34.095427], [18.855975, -34.098115], [18.831085, -34.116214]]}}, {"type": "Feature", "properties": {"layer": "rail"}, "geometry": {"type": "LineString", "coordinates": [[18.448597, -33.920897], [18.441725, -33.921062], [18.454528, -33.920188], [18.466448, -33.912939], [18.484806, -33.892623], [18.497288, -33.893662], [18.507621, -33.899845], [18.51776, -33.896658]]}}, {"type": "Feature", "properties": {"layer": "rail"}, "geometry": {"type": "LineString", "coordinates": [[18.993074, -33.613468], [18.998964, -33.607566], [18.999324, -33.602], [18.976832, -33.573493], [18.974226, -33.566532], [18.97451, -33.532733], [18.980873, -33.514296], [18.980478, -33.494644], [18.966524, -33.476754], [18.960318, -33.458696], [18.960213, -33.448736], [18.963546, -33.442878], [18.986531, -33.420094]]}}, {"type": "Feature", "properties": {"layer": "rail"}, "geometry": {"type": "LineString", "coordinates": [[18.726759, -33.844612], [18.721255, -33.823591], [18.709568, -33.801909], [18.718808, -33.757562], [18.71071, -33.737183], [18.706417, -33.707239], [18.698083, -33.69463], [18.690588, -33.671438], [18.689984, -33.660728], [18.662791, -33.618787], [18.665362, -33.597763], [18.64951, -33.578644], [18.646804, -33.569426], [18.649165, -33.560657], [18.665117, -33.541892], [18.675733, -33.523541], [18.680598, -33.510109], [18.678078, -33.502219], [18.681403, -33.493333], [18.698863, -33.480153], [18.710222, -33.477136]]}}, {"type": "Feature", "properties": {"layer": "rail"}, "geometry": {"type": "LineString", "coordinates": [[18.425311, -33.922772], [18.43262, -33.925873], [18.465225, -33.927478], [18.469247, -33.930421], [18.47395, -33.947982], [18.466996, -33.980693], [18.472308, -33.990362], [18.473355, -33.999302], [18.466366, -34.041334]]}}, {"type": "Feature", "properties": {"layer": "rail"}, "geometry": {"type": "LineString", "coordinates": [[18.425885, -33.922204], [18.431842, -33.925353], [18.467225, -33.927202], [18.495417, -33.923969], [18.491133, -33.943203], [18.499426, -33.949821], [18.511173, -33.946874], [18.525118, -33.937853], [18.560515, -33.943432], [18.563912, -33.950697], [18.559483, -33.997161], [18.562244, -34.002198]]}}, {"type": "Feature", "properties": {"layer": "rail"}, "geometry": {"type": "LineString", "coordinates": [[18.426178, -33.921921], [18.431271, -33.925174], [18.439895, -33.925317], [18.494143, -33.916393], [18.504121, -33.923073], [18.516918, -33.922823], [18.525248, -33.93737], [18.560532, -33.943393], [18.56395, -33.950917], [18.559654, -33.998366], [18.567215, -34.010826], [18.578393, -34.013812]]}}, {"type": "Feature", "properties": {"layer": "rail"}, "geometry": {"type": "LineString", "coordinates": [[18.426246, -33.921856], [18.431361, -33.925161], [18.439609, -33.925292], [18.493908, -33.916325], [18.504248, -33.923076], [18.516693, -33.922486], [18.52376, -33.936339], [18.53315, -33.939932], [18.588451, -33.943875], [18.657871, -33.932976], [18.66126, -33.927888], [18.660553, -33.916574], [18.657648, -33.913904], [18.666672, -33.919604], [18.726063, -33.996298], [18.733312, -34.001994]]}}, {"type": "Feature", "properties": {"layer": "rail"}, "geometry": {"type": "LineString", "coordinates": [[18.854642, -34.094845], [18.862276, -34.095385], [18.871969, -34.108644], [18.886958, -34.118276], [18.908365, -34.116643], [18.911453, -34.12304], [18.905523, -34.124842], [18.911125, -34.130849], [18.922517, -34.128777], [18.928884, -34.119889], [18.927812, -34.116047], [18.934363, -34.112208], [18.931994, -34.107252], [18.938925, -34.09992], [18.93762, -34.107932], [18.94641, -34.110971], [18.944366, -34.128133], [18.939243, -34.130284], [18.937646, -34.136744], [18.93146, -34.139773], [18.929384, -34.149625], [18.963245, -34.139014], [18.972355, -34.145316], [18.980677, -34.146717], [18.99271, -34.133925], [19.000141, -34.138976], [19.013579, -34.138067], [19.023368, -34.140712], [19.027089, -34.14655], [19.049949, -34.154746]]}}, {"type": "Feature", "properties": {"layer": "rail"}, "geometry": {"type": "LineString", "coordinates": [[18.72331, -33.467685], [18.710209, -33.476016], [18.691553, -33.474894], [18.681807, -33.45614], [18.669453, -33.444595], [18.668282, -33.43354], [18.662696, -33.441307], [18.66338, -33.446227], [18.657404, -33.447672], [18.65433, -33.438335], [18.663928, -33.420156]]}}, {"type": "Feature", "properties": {"layer": "rail"}, "geometry": {"type": "LineString", "coordinates": [[18.976916, -33.864376], [18.953702, -33.837077], [18.952234, -33.83005], [18.950505, -33.808912], [18.958211, -33.79513], [18.958594, -33.779704], [18.963702, -33.77232], [18.964654, -33.762045]]}}, {"type": "Feature", "properties": {"layer": "rail"}, "geometry": {"type": "LineString", "coordinates": [[18.425796, -33.922291], [18.431814, -33.925413], [18.466694, -33.927279], [18.494009, -33.923631], [18.496648, -33.92588], [18.491003, -33.935735], [18.491156, -33.943576], [18.498549, -33.949613], [18.51111, -33.946942], [18.525557, -33.937919], [18.559744, -33.943091], [18.563676, -33.951425]]}}, {"type": "Feature", "properties": {"layer": "rail"}, "geometry": {"type": "LineString", "coordinates": [[18.42663, -33.921482], [18.436481, -33.925369], [18.473391, -33.921092], [18.495561, -33.914732], [18.520316, -33.895048], [18.566297, -33.889144], [18.58632, -33.896862], [18.605023, -33.899136], [18.614713, -33.904424], [18.632111, -33.907258]]}}, {"type": "Feature", "properties": {"layer": "rail"}, "geometry": {"type": "LineString", "coordinates": [[18.647135, -33.570988], [18.625694, -33.568598], [18.601681, -33.530661], [18.542625, -33.467073], [18.519242, -33.42984], [18.510083, -33.420226]]}}, {"type": "Feature", "properties": {"layer": "rail"}, "geometry": {"type": "LineString", "coordinates": [[18.50634, -33.922224], [18.536641, -33.918208], [18.561605, -33.910626], [18.619166, -33.905105], [18.63155, -33.907198]]}}, {"type": "Feature", "properties": {"layer": "rail"}, "geometry": {"type": "LineString", "coordinates": [[18.630281, -33.907107], [18.657439, -33.904356], [18.691873, -33.8784], [18.703956, -33.863218], [18.728743, -33.843795], [18.756828, -33.833558], [18.790639, -33.831331], [18.824735, -33.834148], [18.840508, -33.807382], [18.866959, -33.807095]]}}, {"type": "Feature", "properties": {"layer": "rail"}, "geometry": {"type": "LineString", "coordinates": [[18.657269, -33.91377], [18.660598, -33.916584], [18.661301, -33.927926], [18.656891, -33.933376], [18.589014, -33.943881], [18.555228, -33.942354]]}}, {"type": "Feature", "properties": {"layer": "rail"}, "geometry": {"type": "LineString", "coordinates": [[18.86473, -33.807642], [18.888461, -33.801383], [18.911721, -33.800586], [18.9467, -33.788808], [18.963032, -33.773631], [18.964585, -33.761331]]}}, {"type": "Feature", "properties": {"layer": "rail"}, "geometry": {"type": "LineString", "coordinates": [[18.517739, -33.896627], [18.507615, -33.899808], [18.497309, -33.893608], [18.484881, -33.892542], [18.471111, -33.909086], [18.455642, -33.919664], [18.449332, -33.920901]]}}]}